date,entity_id,primary_metric,secondary_metric,value_pool,quality_score,risk_score
2026-01-01,UTI001,91.3,35.5,44741,84.3,77.6
2026-01-01,UTI002,56.6,18.9,127527,91.7,79.3
2026-01-01,UTI003,50.2,42.5,145540,79.4,62.4
2026-01-01,UTI004,63.8,61.0,102299,91.0,23.2
2026-01-01,UTI005,88.7,70.7,68609,78.1,10.4
2026-01-01,UTI006,69.4,80.2,172486,71.9,67.5
2026-01-01,UTI007,89.5,67.6,165842,95.9,57.0
2026-01-01,UTI008,92.9,70.0,10843,77.6,89.0
2026-01-01,UTI009,73.2,80.4,116689,97.8,38.6
2026-01-01,UTI010,80.6,73.4,10359,84.0,34.4
2026-01-01,UTI011,65.0,53.8,100887,79.4,68.9
2026-01-01,UTI012,71.1,33.3,48095,74.2,16.3
2026-01-01,UTI013,87.0,61.5,170200,76.4,9.8
2026-01-01,UTI014,51.1,55.2,62334,87.3,32.4
2026-01-01,UTI015,69.9,24.4,177439,94.5,61.0
2026-01-01,UTI016,73.6,50.5,136414,95.6,86.5
2026-01-01,UTI017,72.4,26.5,137294,72.8,28.4
2026-01-01,UTI018,43.2,34.6,6985,90.6,19.6
2026-01-01,UTI019,88.2,46.9,8432,90.5,37.3
2026-01-01,UTI020,89.2,55.4,60027,88.3,23.1
2026-01-01,UTI021,67.6,36.1,122856,77.3,53.1
2026-01-01,UTI022,83.2,49.2,78736,91.5,76.3
2026-01-01,UTI023,86.3,61.3,18597,68.5,48.4
2026-01-01,UTI024,71.3,69.7,167113,70.8,10.4
2026-01-01,UTI025,80.9,49.9,68018,67.6,60.0
2026-01-01,UTI026,74.0,36.1,175265,90.8,84.8
2026-01-01,UTI027,73.2,74.1,71454,96.9,50.0
2026-01-01,UTI028,63.8,39.3,111256,65.8,22.0
2026-01-01,UTI029,72.8,36.8,67555,87.3,62.4
2026-01-01,UTI030,96.9,50.4,85756,70.2,8.2
2026-01-01,UTI031,54.1,81.0,109546,80.8,35.3
2026-01-01,UTI032,94.0,79.8,157868,87.4,23.5
2026-01-01,UTI033,88.4,78.5,154305,89.9,73.9
2026-01-01,UTI034,88.5,83.8,167309,93.5,34.3
2026-01-01,UTI035,96.1,20.3,154352,89.3,23.7
2026-01-01,UTI036,49.5,58.7,100617,89.6,23.3
2026-01-02,UTI001,85.5,83.2,34410,79.9,38.9
2026-01-02,UTI002,58.1,66.7,10623,67.2,41.7
2026-01-02,UTI003,61.7,75.2,172572,90.8,24.2
2026-01-02,UTI004,57.2,33.8,38648,80.6,88.0
2026-01-02,UTI005,43.7,62.9,35698,90.4,32.1
2026-01-02,UTI006,87.4,67.1,9868,77.5,19.4
2026-01-02,UTI007,54.2,76.3,178023,66.9,30.7
2026-01-02,UTI008,71.7,48.1,166424,70.2,24.7
2026-01-02,UTI009,41.6,31.9,180612,64.9,19.1
2026-01-02,UTI010,54.4,48.2,171845,84.2,79.9
2026-01-02,UTI011,77.1,72.2,68220,77.1,37.3
2026-01-02,UTI012,74.8,39.8,71396,74.3,9.5
2026-01-02,UTI013,61.0,51.1,20011,90.2,39.4
2026-01-02,UTI014,59.8,22.1,71772,90.2,19.9
2026-01-02,UTI015,94.0,60.4,22900,78.5,88.0
2026-01-02,UTI016,77.0,50.8,95718,81.5,14.8
2026-01-02,UTI017,88.6,33.7,78029,68.2,59.9
2026-01-02,UTI018,44.1,62.2,61574,65.8,37.2
2026-01-02,UTI019,43.7,54.7,139154,90.1,48.4
2026-01-02,UTI020,41.0,74.8,36005,79.1,45.1
2026-01-02,UTI021,74.8,71.6,124749,68.1,61.3
2026-01-02,UTI022,61.2,52.5,35222,63.7,18.0
2026-01-02,UTI023,60.3,32.3,38831,81.7,16.5
2026-01-02,UTI024,86.9,24.4,27371,97.7,24.7
2026-01-02,UTI025,63.6,71.2,164847,95.1,76.7
2026-01-02,UTI026,63.6,58.6,162217,80.9,80.8
2026-01-02,UTI027,78.7,47.2,145667,83.5,70.6
2026-01-02,UTI028,42.7,48.6,76539,94.1,11.9
2026-01-02,UTI029,81.9,18.9,183378,92.4,13.1
2026-01-02,UTI030,67.7,39.7,168526,84.5,91.5
2026-01-02,UTI031,74.5,18.7,146616,62.7,57.8
2026-01-02,UTI032,41.9,64.4,67439,93.9,57.0
2026-01-02,UTI033,72.7,28.6,48467,77.6,53.5
2026-01-02,UTI034,40.4,20.1,18905,72.1,17.5
2026-01-02,UTI035,91.1,42.4,90433,82.2,55.2
2026-01-02,UTI036,62.0,20.5,93316,64.3,78.2
2026-01-03,UTI001,60.0,72.0,100448,65.2,47.2
2026-01-03,UTI002,60.2,66.6,137089,84.4,83.6
2026-01-03,UTI003,75.6,41.2,95983,84.4,13.4
2026-01-03,UTI004,76.3,53.2,99157,64.6,61.5
2026-01-03,UTI005,61.2,29.7,71651,64.1,21.7
2026-01-03,UTI006,65.3,33.1,79002,97.2,61.5
2026-01-03,UTI007,73.5,30.7,184520,92.5,33.4
2026-01-03,UTI008,53.9,40.5,62433,91.3,54.5
2026-01-03,UTI009,74.4,61.2,72358,80.1,8.1
2026-01-03,UTI010,56.9,37.9,115853,97.0,50.4
2026-01-03,UTI011,92.2,48.7,147227,78.6,86.6
2026-01-03,UTI012,83.7,56.5,153998,73.3,46.9
2026-01-03,UTI013,86.9,53.7,96319,97.4,65.5
2026-01-03,UTI014,41.0,83.0,153873,64.9,60.4
2026-01-03,UTI015,40.1,66.6,137847,89.8,69.1
2026-01-03,UTI016,55.3,77.7,183537,80.5,23.6
2026-01-03,UTI017,60.7,25.9,40981,98.1,31.4
2026-01-03,UTI018,91.5,78.5,172782,81.7,26.9
2026-01-03,UTI019,47.7,19.4,161293,83.5,76.1
2026-01-03,UTI020,56.8,80.1,61373,72.8,68.2
2026-01-03,UTI021,40.1,83.3,84990,76.4,10.2
2026-01-03,UTI022,75.7,34.2,182098,73.0,15.6
2026-01-03,UTI023,69.3,43.0,155688,81.6,24.3
2026-01-03,UTI024,41.0,34.2,123061,85.8,72.5
2026-01-03,UTI025,81.7,51.9,28932,87.3,52.9
2026-01-03,UTI026,80.6,63.1,121810,93.2,56.0
2026-01-03,UTI027,67.4,33.0,29501,77.2,13.5
2026-01-03,UTI028,58.7,44.9,25776,88.2,90.0
2026-01-03,UTI029,66.1,59.2,98279,82.3,83.8
2026-01-03,UTI030,81.7,60.7,179730,93.5,92.7
2026-01-03,UTI031,49.5,29.7,160436,62.2,81.6
2026-01-03,UTI032,40.6,44.8,100894,91.2,72.6
2026-01-03,UTI033,88.8,45.9,74090,73.1,31.1
2026-01-03,UTI034,94.5,55.9,28419,91.4,51.2
2026-01-03,UTI035,91.3,51.4,160540,72.3,12.5
2026-01-03,UTI036,56.3,47.4,116197,97.8,71.1
2026-01-04,UTI001,93.3,36.1,74845,96.9,56.8
2026-01-04,UTI002,61.8,73.8,110418,75.1,35.4
2026-01-04,UTI003,42.1,55.3,169804,80.9,47.0
2026-01-04,UTI004,58.5,70.7,156508,82.5,25.3
2026-01-04,UTI005,42.9,42.5,129765,98.5,25.7
2026-01-04,UTI006,61.1,79.4,85487,96.9,93.9
2026-01-04,UTI007,46.2,65.3,9492,64.7,14.2
2026-01-04,UTI008,70.7,46.0,133362,91.0,10.8
2026-01-04,UTI009,62.7,79.6,126582,74.7,43.6
2026-01-04,UTI010,57.7,61.4,41766,94.9,45.9
2026-01-04,UTI011,63.1,58.9,182690,90.1,13.1
2026-01-04,UTI012,83.3,41.8,159337,74.1,24.2
2026-01-04,UTI013,53.8,53.4,113723,93.4,44.4
2026-01-04,UTI014,43.5,67.6,42572,98.1,49.2
2026-01-04,UTI015,63.8,80.7,144918,95.9,34.1
2026-01-04,UTI016,74.0,30.3,38043,83.5,44.0
2026-01-04,UTI017,62.4,34.3,66668,72.9,40.1
2026-01-04,UTI018,44.3,19.0,38345,77.7,37.9
2026-01-04,UTI019,82.4,75.8,122278,91.9,58.7
2026-01-04,UTI020,72.8,20.0,13801,92.6,9.6
2026-01-04,UTI021,81.0,52.4,106052,98.2,88.9
2026-01-04,UTI022,65.0,71.7,20652,81.7,45.7
2026-01-04,UTI023,61.7,75.9,159592,95.6,47.1
2026-01-04,UTI024,90.1,79.2,24405,87.1,68.2
2026-01-04,UTI025,79.0,23.0,2458,68.7,90.7
2026-01-04,UTI026,55.7,66.6,157763,81.2,12.1
2026-01-04,UTI027,69.4,65.2,19601,65.4,19.9
2026-01-04,UTI028,83.9,52.4,58987,78.8,85.8
2026-01-04,UTI029,51.1,30.5,146286,64.2,55.6
2026-01-04,UTI030,51.7,57.0,147515,74.0,16.2
2026-01-04,UTI031,53.8,62.1,119281,96.3,30.2
2026-01-04,UTI032,41.5,43.0,55209,74.1,21.2
2026-01-04,UTI033,54.2,25.4,161232,94.1,52.1
2026-01-04,UTI034,87.2,24.8,183374,75.8,93.0
2026-01-04,UTI035,84.8,38.6,71145,80.5,18.0
2026-01-04,UTI036,94.1,46.4,14170,79.6,28.0
2026-01-05,UTI001,50.8,55.9,179372,81.6,93.2
2026-01-05,UTI002,64.0,83.3,113000,83.7,16.5
2026-01-05,UTI003,51.9,49.2,53582,80.7,73.6
2026-01-05,UTI004,85.5,39.0,141264,81.4,35.7
2026-01-05,UTI005,70.8,55.0,131984,95.2,71.3
2026-01-05,UTI006,57.5,34.7,9645,67.8,56.0
2026-01-05,UTI007,76.8,27.5,20911,81.7,26.0
2026-01-05,UTI008,81.2,60.0,134191,62.2,40.5
2026-01-05,UTI009,80.7,73.0,150492,73.7,41.1
2026-01-05,UTI010,74.9,77.2,109679,92.3,34.5
2026-01-05,UTI011,70.5,48.4,53599,90.2,46.5
2026-01-05,UTI012,68.7,42.7,82729,86.7,38.6
2026-01-05,UTI013,45.5,76.3,88077,71.2,59.6
2026-01-05,UTI014,59.3,43.5,130568,87.3,62.7
2026-01-05,UTI015,65.4,22.1,65317,81.1,20.1
2026-01-05,UTI016,80.0,19.5,177888,91.8,16.1
2026-01-05,UTI017,55.7,36.3,65534,66.4,12.7
2026-01-05,UTI018,95.1,54.3,44606,93.6,61.6
2026-01-05,UTI019,63.0,45.6,60482,76.4,20.7
2026-01-05,UTI020,41.6,28.8,137860,62.1,89.0
2026-01-05,UTI021,65.0,58.0,143529,86.0,52.7
2026-01-05,UTI022,43.8,69.6,32727,75.7,26.7
2026-01-05,UTI023,88.5,79.4,166563,94.3,30.0
2026-01-05,UTI024,41.6,52.0,36766,95.2,47.5
2026-01-05,UTI025,50.7,48.4,17212,72.1,59.8
2026-01-05,UTI026,72.2,64.1,136497,70.7,84.8
2026-01-05,UTI027,76.5,79.0,77604,88.5,75.4
2026-01-05,UTI028,62.4,65.8,54420,95.2,74.3
2026-01-05,UTI029,57.2,30.4,41364,79.8,81.7
2026-01-05,UTI030,78.8,59.5,172208,81.5,15.6
2026-01-05,UTI031,79.6,72.0,156031,78.9,86.5
2026-01-05,UTI032,67.5,45.7,8729,98.1,41.2
2026-01-05,UTI033,51.6,39.5,176832,67.7,35.9
2026-01-05,UTI034,79.5,57.5,150376,95.4,83.3
2026-01-05,UTI035,53.0,23.0,73599,92.5,87.2
2026-01-05,UTI036,91.1,35.7,127723,95.9,58.4
2026-01-06,UTI001,49.0,81.1,90007,69.8,71.4
2026-01-06,UTI002,40.2,62.2,24167,97.1,57.6
2026-01-06,UTI003,77.8,68.2,78150,97.8,67.1
2026-01-06,UTI004,48.5,23.7,167252,86.6,67.4
2026-01-06,UTI005,65.7,45.6,18921,68.2,87.5
2026-01-06,UTI006,52.1,71.3,17657,69.5,30.5
2026-01-06,UTI007,76.5,68.9,125841,89.0,18.3
2026-01-06,UTI008,86.1,34.1,71738,88.3,75.4
2026-01-06,UTI009,44.2,23.9,50125,77.0,22.8
2026-01-06,UTI010,47.6,60.8,82640,92.4,38.4
2026-01-06,UTI011,83.6,23.4,41900,76.6,41.5
2026-01-06,UTI012,76.7,76.3,108412,82.4,71.1
2026-01-06,UTI013,79.1,29.1,76290,72.2,55.7
2026-01-06,UTI014,96.2,70.8,9691,69.1,73.8
2026-01-06,UTI015,95.5,56.0,71579,85.3,18.1
2026-01-06,UTI016,76.2,65.7,100042,89.2,57.9
2026-01-06,UTI017,88.8,63.6,2327,73.2,51.7
2026-01-06,UTI018,49.7,57.1,116211,97.3,34.2
2026-01-06,UTI019,77.1,36.7,129568,82.7,85.3
2026-01-06,UTI020,91.8,48.9,174962,63.7,60.8
2026-01-06,UTI021,88.8,32.4,179955,66.5,21.6
2026-01-06,UTI022,61.8,43.6,98349,72.1,31.4
2026-01-06,UTI023,92.2,26.6,132319,69.6,77.8
2026-01-06,UTI024,93.2,22.9,3021,89.9,71.4
2026-01-06,UTI025,70.1,76.9,81307,97.0,22.4
2026-01-06,UTI026,95.9,75.8,91525,72.9,47.9
2026-01-06,UTI027,80.1,50.0,179561,87.7,76.8
2026-01-06,UTI028,71.7,44.2,127057,64.5,87.5
2026-01-06,UTI029,95.7,72.7,46313,86.8,18.6
2026-01-06,UTI030,86.9,81.0,152464,66.7,12.4
2026-01-06,UTI031,68.9,26.6,129856,98.8,13.1
2026-01-06,UTI032,79.9,82.7,68519,68.5,81.8
2026-01-06,UTI033,46.7,20.8,175642,94.9,69.9
2026-01-06,UTI034,42.1,26.3,100650,91.3,8.3
2026-01-06,UTI035,95.8,46.9,176061,65.3,80.4
2026-01-06,UTI036,85.6,19.4,22833,81.4,15.2
2026-01-07,UTI001,58.6,40.8,13155,79.2,30.6
2026-01-07,UTI002,62.9,51.8,54119,98.0,11.2
2026-01-07,UTI003,81.0,75.3,41960,92.3,32.7
2026-01-07,UTI004,58.3,67.0,181943,69.4,28.5
2026-01-07,UTI005,82.3,80.9,142832,78.3,30.1
2026-01-07,UTI006,58.5,78.6,25094,82.1,33.0
2026-01-07,UTI007,93.3,24.3,146331,92.4,25.6
2026-01-07,UTI008,92.3,65.4,11229,84.3,26.2
2026-01-07,UTI009,93.5,65.2,92540,76.4,15.7
2026-01-07,UTI010,72.9,54.4,101186,66.8,21.7
2026-01-07,UTI011,88.3,40.4,65703,72.7,86.9
2026-01-07,UTI012,44.3,78.1,37013,90.0,32.1
2026-01-07,UTI013,41.6,31.4,173201,80.6,15.0
2026-01-07,UTI014,56.9,37.9,35665,72.0,9.2
2026-01-07,UTI015,95.7,67.5,115276,80.7,57.9
2026-01-07,UTI016,57.3,45.6,136271,95.4,58.0
2026-01-07,UTI017,64.3,23.4,88518,63.6,43.7
2026-01-07,UTI018,91.3,66.0,47315,94.7,72.2
2026-01-07,UTI019,81.0,77.5,5249,74.6,59.7
2026-01-07,UTI020,52.3,32.9,90763,73.0,48.8
2026-01-07,UTI021,86.9,51.2,20238,96.9,69.2
2026-01-07,UTI022,91.6,26.2,96190,65.7,38.4
2026-01-07,UTI023,87.2,66.3,117248,67.8,13.4
2026-01-07,UTI024,43.9,47.7,152791,74.3,62.2
2026-01-07,UTI025,45.8,46.4,46892,86.1,30.4
2026-01-07,UTI026,87.6,40.1,76976,87.7,93.2
2026-01-07,UTI027,80.7,51.7,182481,94.3,31.4
2026-01-07,UTI028,73.8,75.1,148395,75.2,88.7
2026-01-07,UTI029,53.3,27.1,28595,82.4,24.5
2026-01-07,UTI030,79.0,29.5,119877,86.6,28.2
2026-01-07,UTI031,79.6,61.6,81908,64.8,81.5
2026-01-07,UTI032,51.4,64.4,86408,94.1,53.4
2026-01-07,UTI033,63.8,38.2,121049,81.7,14.2
2026-01-07,UTI034,75.5,58.7,51542,87.3,48.5
2026-01-07,UTI035,73.3,51.3,23285,77.8,8.2
2026-01-07,UTI036,89.2,19.0,157977,97.1,52.9
2026-01-08,UTI001,95.2,47.6,112533,82.0,70.1
2026-01-08,UTI002,91.7,27.3,45527,80.4,62.4
2026-01-08,UTI003,54.7,36.3,143730,92.1,75.7
2026-01-08,UTI004,57.1,24.3,72154,65.3,35.0
2026-01-08,UTI005,81.3,56.6,37021,68.0,30.0
2026-01-08,UTI006,52.0,75.3,140833,78.9,71.6
2026-01-08,UTI007,45.9,81.7,181887,96.1,66.3
2026-01-08,UTI008,53.7,66.8,100596,90.9,48.7
2026-01-08,UTI009,97.0,44.4,165612,85.2,59.5
2026-01-08,UTI010,85.1,43.0,16801,90.6,88.4
2026-01-08,UTI011,66.8,72.3,92757,69.5,63.5
2026-01-08,UTI012,89.8,41.4,21349,82.2,59.1
2026-01-08,UTI013,58.7,38.8,173011,89.8,10.2
2026-01-08,UTI014,54.2,42.0,92104,70.3,91.9
2026-01-08,UTI015,70.0,59.2,142430,79.0,50.2
2026-01-08,UTI016,86.8,29.6,75162,71.6,65.2
2026-01-08,UTI017,70.2,30.7,69645,86.6,47.7
2026-01-08,UTI018,84.3,49.9,114932,74.0,41.0
2026-01-08,UTI019,49.5,83.3,165016,78.3,35.0
2026-01-08,UTI020,50.1,26.0,32728,96.5,76.8
2026-01-08,UTI021,89.4,58.5,39762,77.9,56.4
2026-01-08,UTI022,48.5,24.1,67685,71.2,68.1
2026-01-08,UTI023,88.1,41.4,91411,69.9,27.6
2026-01-08,UTI024,66.9,20.3,28257,74.1,41.4
2026-01-08,UTI025,55.9,80.4,35684,92.8,82.2
2026-01-08,UTI026,89.4,63.9,11291,98.8,56.2
2026-01-08,UTI027,67.8,46.2,58170,70.8,71.1
2026-01-08,UTI028,76.4,41.0,82218,64.6,9.2
2026-01-08,UTI029,40.3,59.7,24174,97.8,49.1
2026-01-08,UTI030,51.3,38.4,120064,83.7,54.3
2026-01-08,UTI031,89.9,30.9,99359,74.5,41.5
2026-01-08,UTI032,55.7,45.3,45035,65.9,68.5
2026-01-08,UTI033,44.3,47.1,177872,77.0,20.3
2026-01-08,UTI034,41.5,24.0,5400,72.9,89.6
2026-01-08,UTI035,47.0,72.0,19627,63.4,65.0
2026-01-08,UTI036,87.7,19.8,90567,88.2,37.9
2026-01-09,UTI001,64.9,56.4,167380,64.4,60.1
2026-01-09,UTI002,82.6,76.9,136437,68.1,14.8
2026-01-09,UTI003,48.9,82.2,92576,97.9,17.4
2026-01-09,UTI004,70.3,78.9,101979,74.8,38.7
2026-01-09,UTI005,83.8,79.7,52936,64.7,61.4
2026-01-09,UTI006,76.7,58.5,150794,75.7,55.5
2026-01-09,UTI007,59.7,51.5,159897,72.6,30.8
2026-01-09,UTI008,42.3,32.5,2416,67.0,85.1
2026-01-09,UTI009,50.9,72.2,7662,70.0,15.9
2026-01-09,UTI010,65.6,52.3,69486,67.4,73.1
2026-01-09,UTI011,76.5,47.7,65311,72.9,85.1
2026-01-09,UTI012,59.8,26.5,14295,87.8,30.6
2026-01-09,UTI013,65.5,19.4,180531,92.4,15.9
2026-01-09,UTI014,43.3,76.9,33541,73.1,57.2
2026-01-09,UTI015,90.8,64.8,6403,90.6,50.7
2026-01-09,UTI016,57.7,44.5,60027,84.5,29.1
2026-01-09,UTI017,55.3,18.3,37824,66.1,77.3
2026-01-09,UTI018,72.4,61.4,88026,85.2,78.5
2026-01-09,UTI019,52.7,22.4,165997,86.1,23.0
2026-01-09,UTI020,82.9,38.1,127573,91.5,54.4
2026-01-09,UTI021,95.7,55.1,48438,76.3,63.6
2026-01-09,UTI022,48.1,77.0,119399,86.7,21.5
2026-01-09,UTI023,75.0,34.8,129737,63.1,35.0
2026-01-09,UTI024,49.8,26.3,172463,83.3,54.6
2026-01-09,UTI025,72.7,37.6,13810,84.9,13.2
2026-01-09,UTI026,59.8,41.1,97889,85.5,38.9
2026-01-09,UTI027,43.7,32.9,107936,88.7,64.3
2026-01-09,UTI028,63.5,50.4,5678,67.3,17.9
2026-01-09,UTI029,87.6,63.4,113809,71.5,76.5
2026-01-09,UTI030,94.9,42.4,89633,80.1,25.7
2026-01-09,UTI031,96.4,79.1,163166,91.3,67.2
2026-01-09,UTI032,87.7,83.1,29009,89.3,19.2
2026-01-09,UTI033,49.8,61.0,160175,74.5,63.4
2026-01-09,UTI034,65.3,73.7,98666,78.5,42.1
2026-01-09,UTI035,82.3,27.9,102827,90.6,50.8
2026-01-09,UTI036,89.9,75.9,61310,92.3,84.8
2026-01-10,UTI001,56.1,74.1,106057,71.2,86.5
2026-01-10,UTI002,67.6,26.5,27883,77.7,28.5
2026-01-10,UTI003,62.8,39.7,176991,81.6,45.9
2026-01-10,UTI004,96.5,78.0,140054,95.6,72.5
2026-01-10,UTI005,88.6,27.4,142807,87.2,22.4
2026-01-10,UTI006,63.8,18.1,93894,69.6,10.2
2026-01-10,UTI007,51.2,37.2,19551,97.7,34.8
2026-01-10,UTI008,63.2,50.3,83603,62.0,49.5
2026-01-10,UTI009,87.1,80.1,43411,85.8,92.3
2026-01-10,UTI010,59.9,25.7,61270,73.6,36.2
2026-01-10,UTI011,54.5,41.3,94958,63.1,83.7
2026-01-10,UTI012,49.3,66.8,141412,87.0,33.3
2026-01-10,UTI013,40.3,42.3,22496,82.9,70.2
2026-01-10,UTI014,56.7,53.7,104299,94.5,63.0
2026-01-10,UTI015,68.5,38.8,65805,88.6,88.8
2026-01-10,UTI016,60.6,30.7,158773,72.8,49.8
2026-01-10,UTI017,40.2,49.3,115901,94.6,64.6
2026-01-10,UTI018,80.5,38.2,104568,62.8,16.0
2026-01-10,UTI019,91.7,29.4,83911,63.7,30.4
2026-01-10,UTI020,75.6,28.4,41305,95.7,19.5
2026-01-10,UTI021,86.0,78.4,74952,84.8,81.2
2026-01-10,UTI022,50.1,23.6,100879,80.2,24.5
2026-01-10,UTI023,65.4,60.4,61383,67.5,15.0
2026-01-10,UTI024,48.2,18.3,136625,93.8,38.7
2026-01-10,UTI025,67.2,73.1,167613,92.6,64.8
2026-01-10,UTI026,47.9,44.7,73812,84.1,72.9
2026-01-10,UTI027,62.8,72.2,84702,62.7,12.1
2026-01-10,UTI028,89.9,77.1,13184,63.4,94.0
2026-01-10,UTI029,81.6,76.2,26881,98.1,79.4
2026-01-10,UTI030,93.5,19.6,41049,87.9,54.8
2026-01-10,UTI031,92.9,54.2,51110,82.5,69.0
2026-01-10,UTI032,80.3,65.7,24502,76.6,77.7
2026-01-10,UTI033,65.6,56.0,60575,83.4,46.2
2026-01-10,UTI034,73.3,42.6,19766,89.6,30.2
2026-01-10,UTI035,40.2,39.4,133149,93.3,94.0
2026-01-10,UTI036,79.0,35.8,16807,68.5,45.2
2026-01-11,UTI001,60.0,48.7,89698,86.1,30.7
2026-01-11,UTI002,94.3,30.4,7824,86.7,82.3
2026-01-11,UTI003,48.7,72.8,59024,98.2,34.6
2026-01-11,UTI004,75.8,75.1,26286,94.6,77.4
2026-01-11,UTI005,61.2,70.4,4311,94.1,26.0
2026-01-11,UTI006,62.5,67.4,181236,84.3,46.8
2026-01-11,UTI007,73.4,44.7,5444,88.5,13.3
2026-01-11,UTI008,79.5,20.1,163569,63.4,76.0
2026-01-11,UTI009,67.3,58.5,126906,77.8,93.9
2026-01-11,UTI010,92.0,39.8,85665,71.4,15.2
2026-01-11,UTI011,77.6,20.5,83009,92.9,87.7
2026-01-11,UTI012,82.5,78.8,43250,68.4,15.8
2026-01-11,UTI013,96.4,55.1,118228,62.0,26.8
2026-01-11,UTI014,63.4,70.5,42231,93.3,36.3
2026-01-11,UTI015,84.5,66.1,20008,62.7,13.6
2026-01-11,UTI016,73.2,52.2,177272,87.1,78.8
2026-01-11,UTI017,74.1,66.9,69507,74.7,37.0
2026-01-11,UTI018,79.2,46.5,156162,81.1,45.3
2026-01-11,UTI019,48.3,35.2,146679,83.1,10.7
2026-01-11,UTI020,60.4,78.3,102361,76.2,33.2
2026-01-11,UTI021,78.9,45.8,142869,75.5,44.0
2026-01-11,UTI022,46.7,48.2,56984,65.2,37.5
2026-01-11,UTI023,95.6,67.1,64605,73.1,29.6
2026-01-11,UTI024,85.3,26.5,148759,63.7,77.3
2026-01-11,UTI025,75.1,50.9,113880,89.8,57.3
2026-01-11,UTI026,55.3,71.4,163178,81.5,9.9
2026-01-11,UTI027,46.1,50.2,42108,77.7,24.1
2026-01-11,UTI028,95.7,36.7,63229,65.6,59.7
2026-01-11,UTI029,46.9,79.7,32802,80.6,41.0
2026-01-11,UTI030,88.5,26.2,180408,84.3,74.0
2026-01-11,UTI031,46.3,21.3,146293,72.8,59.5
2026-01-11,UTI032,87.8,25.1,19584,74.3,28.2
2026-01-11,UTI033,92.8,58.4,152498,95.1,80.4
2026-01-11,UTI034,82.9,20.6,114632,80.2,50.1
2026-01-11,UTI035,57.2,52.0,45816,70.8,54.4
2026-01-11,UTI036,77.3,22.5,69311,76.2,92.5
2026-01-12,UTI001,53.6,38.7,148771,89.9,56.4
2026-01-12,UTI002,44.3,31.9,150416,75.4,19.4
2026-01-12,UTI003,56.9,41.5,82634,98.7,91.1
2026-01-12,UTI004,47.1,59.8,176344,68.0,15.9
2026-01-12,UTI005,85.3,70.0,86295,65.4,31.3
2026-01-12,UTI006,63.0,63.7,4146,69.5,70.1
2026-01-12,UTI007,40.5,46.6,43199,73.4,18.2
2026-01-12,UTI008,89.3,45.4,94561,85.3,92.1
2026-01-12,UTI009,69.5,24.0,133086,78.3,81.1
2026-01-12,UTI010,81.4,54.5,56482,76.2,69.6
2026-01-12,UTI011,52.7,83.0,166156,92.7,12.1
2026-01-12,UTI012,62.7,33.7,41251,82.8,64.8
2026-01-12,UTI013,42.2,62.2,102694,78.9,47.1
2026-01-12,UTI014,83.7,76.7,18927,90.7,61.8
2026-01-12,UTI015,46.6,61.5,175816,74.3,89.2
2026-01-12,UTI016,94.6,43.3,51132,68.5,12.8
2026-01-12,UTI017,73.3,75.7,132271,85.5,47.3
2026-01-12,UTI018,74.4,58.4,95257,75.8,17.0
2026-01-12,UTI019,63.4,80.4,54055,93.9,20.1
2026-01-12,UTI020,80.1,52.2,154962,90.6,86.7
2026-01-12,UTI021,41.8,75.4,3272,69.2,28.6
2026-01-12,UTI022,88.9,61.2,117908,89.0,91.0
2026-01-12,UTI023,40.2,54.3,80316,76.7,89.9
2026-01-12,UTI024,49.0,23.7,91728,90.9,53.3
2026-01-12,UTI025,46.2,27.4,153361,79.8,17.1
2026-01-12,UTI026,87.8,50.2,62832,88.4,77.7
2026-01-12,UTI027,54.3,55.9,96755,64.3,70.1
2026-01-12,UTI028,93.5,29.5,57253,93.5,48.2
2026-01-12,UTI029,41.3,21.2,145881,78.7,78.3
2026-01-12,UTI030,62.8,24.0,79341,74.9,30.5
2026-01-12,UTI031,54.7,54.8,16624,63.3,71.0
2026-01-12,UTI032,48.4,25.6,7405,94.6,10.0
2026-01-12,UTI033,42.2,26.1,118643,64.8,53.3
2026-01-12,UTI034,63.9,67.8,49251,89.3,89.7
2026-01-12,UTI035,89.6,65.5,158917,86.0,81.1
2026-01-12,UTI036,94.0,41.1,26348,65.9,14.4
2026-01-13,UTI001,83.2,23.1,154017,89.1,19.2
2026-01-13,UTI002,47.8,42.5,17830,76.1,73.3
2026-01-13,UTI003,50.6,81.9,38176,74.8,14.5
2026-01-13,UTI004,51.2,37.9,102423,87.0,54.5
2026-01-13,UTI005,47.2,65.6,69255,96.0,31.8
2026-01-13,UTI006,84.3,24.6,136876,74.2,93.4
2026-01-13,UTI007,85.8,52.1,146496,80.1,38.9
2026-01-13,UTI008,50.8,37.6,81693,73.9,69.3
2026-01-13,UTI009,64.1,33.6,156645,94.4,59.4
2026-01-13,UTI010,51.1,53.3,88425,63.5,46.5
2026-01-13,UTI011,47.9,30.2,135398,68.5,37.0
2026-01-13,UTI012,88.9,69.5,65347,62.7,11.3
2026-01-13,UTI013,83.8,51.8,151230,96.1,82.4
2026-01-13,UTI014,65.1,69.7,18604,92.7,56.7
2026-01-13,UTI015,67.5,64.0,41446,82.9,83.9
2026-01-13,UTI016,95.5,40.8,97385,92.0,26.2
2026-01-13,UTI017,90.7,51.2,161666,84.4,20.6
2026-01-13,UTI018,69.6,24.1,110557,73.7,21.1
2026-01-13,UTI019,78.1,56.6,70040,75.5,60.0
2026-01-13,UTI020,53.1,41.7,49998,66.5,60.5
2026-01-13,UTI021,50.0,70.9,17589,98.4,24.3
2026-01-13,UTI022,82.1,77.3,184726,71.4,35.9
2026-01-13,UTI023,70.1,49.8,176884,80.3,66.8
2026-01-13,UTI024,53.6,29.8,110247,72.3,46.9
2026-01-13,UTI025,56.5,76.3,127835,85.0,55.9
2026-01-13,UTI026,61.1,48.4,27832,84.4,66.7
2026-01-13,UTI027,66.8,79.8,182760,63.9,67.6
2026-01-13,UTI028,84.6,32.6,119058,64.6,25.9
2026-01-13,UTI029,87.7,66.7,28092,66.5,33.3
2026-01-13,UTI030,73.6,48.2,98444,92.6,83.5
2026-01-13,UTI031,89.7,19.6,103892,66.4,33.3
2026-01-13,UTI032,92.2,47.0,89754,80.5,18.9
2026-01-13,UTI033,90.3,71.6,2338,72.1,18.3
2026-01-13,UTI034,89.7,30.5,104464,85.9,11.9
2026-01-13,UTI035,48.7,42.8,59554,63.4,88.6
2026-01-13,UTI036,81.6,78.3,65516,67.8,88.6
2026-01-14,UTI001,57.2,51.1,33029,68.0,45.0
2026-01-14,UTI002,58.7,36.7,138433,93.0,76.2
2026-01-14,UTI003,78.1,45.7,80379,67.8,91.7
2026-01-14,UTI004,88.1,59.7,85812,91.3,13.1
2026-01-14,UTI005,54.3,58.8,90404,91.0,60.4
2026-01-14,UTI006,76.6,19.3,125570,90.8,70.0
2026-01-14,UTI007,87.0,80.4,3443,70.4,77.3
2026-01-14,UTI008,96.5,62.3,161576,63.0,85.9
2026-01-14,UTI009,55.8,54.1,137864,62.8,45.3
2026-01-14,UTI010,74.9,65.0,163660,91.0,63.4
2026-01-14,UTI011,42.5,36.7,52383,95.9,91.8
2026-01-14,UTI012,53.8,40.7,21582,74.2,15.9
2026-01-14,UTI013,85.7,21.3,108184,63.8,56.5
2026-01-14,UTI014,66.3,66.5,166104,80.4,8.2
2026-01-14,UTI015,67.4,64.7,181803,66.4,35.8
2026-01-14,UTI016,79.6,20.5,87001,85.2,63.4
2026-01-14,UTI017,42.2,77.8,151135,80.5,43.5
2026-01-14,UTI018,61.8,25.6,13241,93.3,19.6
2026-01-14,UTI019,76.0,75.8,158238,64.4,61.5
2026-01-14,UTI020,82.9,69.6,47359,71.0,53.6
2026-01-14,UTI021,72.8,74.8,33263,98.1,84.0
2026-01-14,UTI022,41.6,73.4,180451,74.5,41.7
2026-01-14,UTI023,51.9,44.0,14146,75.3,34.4
2026-01-14,UTI024,54.1,71.4,67322,98.1,15.1
2026-01-14,UTI025,48.5,55.0,97195,87.7,73.1
2026-01-14,UTI026,90.7,32.8,109361,87.2,31.8
2026-01-14,UTI027,93.8,71.5,7572,79.7,25.9
2026-01-14,UTI028,43.0,58.5,173097,82.4,21.5
2026-01-14,UTI029,61.7,48.4,4836,77.4,71.5
2026-01-14,UTI030,83.5,21.2,61460,64.3,13.8
2026-01-14,UTI031,51.7,61.0,181959,75.5,44.1
2026-01-14,UTI032,95.5,36.8,8285,89.5,15.8
2026-01-14,UTI033,67.8,75.6,145012,96.1,45.8
2026-01-14,UTI034,84.4,36.3,148034,80.8,62.8
2026-01-14,UTI035,71.0,38.0,32771,66.8,68.0
2026-01-14,UTI036,40.5,26.4,95583,95.0,76.8
2026-01-15,UTI001,53.0,59.7,6328,85.5,75.8
2026-01-15,UTI002,78.2,56.3,168939,68.2,43.0
2026-01-15,UTI003,74.8,72.2,115780,62.1,10.1
2026-01-15,UTI004,57.7,72.8,107353,85.8,58.2
2026-01-15,UTI005,74.3,23.1,136208,71.0,64.6
2026-01-15,UTI006,54.0,82.1,91321,80.9,63.6
2026-01-15,UTI007,41.5,18.2,149686,64.1,28.6
2026-01-15,UTI008,63.5,64.5,136270,64.9,48.4
2026-01-15,UTI009,44.7,37.6,63261,75.0,69.5
2026-01-15,UTI010,55.9,35.9,129192,87.3,57.4
2026-01-15,UTI011,48.4,37.6,119535,74.4,82.1
2026-01-15,UTI012,72.4,67.8,11061,85.6,23.8
2026-01-15,UTI013,60.9,73.7,177959,81.7,73.5
2026-01-15,UTI014,54.0,33.3,163389,83.2,90.5
2026-01-15,UTI015,86.9,42.6,124388,76.5,51.6
2026-01-15,UTI016,55.2,57.6,175349,78.6,12.8
2026-01-15,UTI017,93.3,42.3,40375,74.7,14.2
2026-01-15,UTI018,76.1,51.0,119206,73.9,22.9
2026-01-15,UTI019,72.8,47.1,71319,77.7,54.3
2026-01-15,UTI020,54.5,51.2,182212,97.5,47.2
2026-01-15,UTI021,93.8,76.7,102341,66.2,52.0
2026-01-15,UTI022,83.7,70.3,33630,73.4,85.3
2026-01-15,UTI023,86.1,60.0,180380,78.4,79.6
2026-01-15,UTI024,76.8,20.5,62874,63.8,58.3
2026-01-15,UTI025,49.6,59.9,137203,85.0,45.5
2026-01-15,UTI026,59.8,79.0,55491,95.1,90.3
2026-01-15,UTI027,94.9,22.0,13429,69.6,78.4
2026-01-15,UTI028,94.3,28.0,164133,96.7,67.4
2026-01-15,UTI029,44.5,61.8,173722,97.2,63.2
2026-01-15,UTI030,50.0,56.8,118023,76.6,88.8
2026-01-15,UTI031,81.7,37.2,14251,93.3,22.0
2026-01-15,UTI032,45.8,59.4,41345,84.8,12.0
2026-01-15,UTI033,54.5,66.5,66886,67.2,84.2
2026-01-15,UTI034,81.6,19.6,168372,65.1,60.2
2026-01-15,UTI035,83.4,47.8,66850,77.3,72.1
2026-01-15,UTI036,84.3,33.4,153975,85.5,30.7
2026-01-16,UTI001,79.4,24.2,113007,77.4,71.4
2026-01-16,UTI002,74.6,81.2,52346,71.0,31.1
2026-01-16,UTI003,65.2,29.5,66984,90.8,79.5
2026-01-16,UTI004,77.4,22.5,80528,76.2,74.7
2026-01-16,UTI005,82.9,29.7,32644,66.0,75.0
2026-01-16,UTI006,94.7,49.0,30525,80.3,56.8
2026-01-16,UTI007,80.1,18.1,36581,83.6,55.9
2026-01-16,UTI008,61.7,74.2,22665,73.7,55.4
2026-01-16,UTI009,84.4,43.7,102737,84.2,44.2
2026-01-16,UTI010,65.0,61.8,16445,97.8,43.0
2026-01-16,UTI011,93.9,24.9,104519,70.7,19.7
2026-01-16,UTI012,58.7,31.1,139734,87.1,42.3
2026-01-16,UTI013,75.7,46.7,21099,92.6,81.0
2026-01-16,UTI014,58.8,37.4,70167,63.3,89.5
2026-01-16,UTI015,68.6,41.2,173425,65.6,44.6
2026-01-16,UTI016,69.7,26.5,178306,88.0,42.7
2026-01-16,UTI017,76.8,78.0,109033,70.1,81.9
2026-01-16,UTI018,86.0,65.7,146343,86.5,84.4
2026-01-16,UTI019,55.1,23.1,53955,75.6,70.9
2026-01-16,UTI020,53.9,39.9,75147,75.2,37.9
2026-01-16,UTI021,89.5,23.4,160443,66.3,61.0
2026-01-16,UTI022,72.0,75.8,72893,84.5,49.6
2026-01-16,UTI023,61.4,26.7,161017,73.8,8.6
2026-01-16,UTI024,51.5,81.1,59430,64.4,24.4
2026-01-16,UTI025,64.3,24.5,85189,63.3,57.5
2026-01-16,UTI026,51.4,21.1,49406,62.3,8.1
2026-01-16,UTI027,46.4,19.5,164207,94.7,79.4
2026-01-16,UTI028,57.3,78.9,108199,63.4,87.7
2026-01-16,UTI029,65.3,19.6,128259,72.6,17.1
2026-01-16,UTI030,49.5,66.9,168170,66.1,56.6
2026-01-16,UTI031,61.2,34.3,175308,90.0,76.7
2026-01-16,UTI032,61.2,21.8,120501,65.7,43.1
2026-01-16,UTI033,93.8,49.6,140919,94.6,57.3
2026-01-16,UTI034,45.9,77.3,71359,68.1,59.7
2026-01-16,UTI035,61.5,26.3,124722,80.6,27.8
2026-01-16,UTI036,63.2,52.9,22996,67.5,90.0
2026-01-17,UTI001,70.4,68.2,173793,87.3,84.0
2026-01-17,UTI002,90.1,29.6,86871,89.6,35.8
2026-01-17,UTI003,69.2,66.3,169301,73.9,35.5
2026-01-17,UTI004,50.1,42.3,164862,86.1,79.7
2026-01-17,UTI005,88.7,64.8,127654,70.9,75.2
2026-01-17,UTI006,81.0,28.5,101547,62.4,92.0
2026-01-17,UTI007,63.9,65.5,73428,80.2,19.6
2026-01-17,UTI008,54.2,24.5,23997,91.4,89.4
2026-01-17,UTI009,46.2,66.0,90671,91.3,42.0
2026-01-17,UTI010,48.9,60.6,170667,86.5,75.0
2026-01-17,UTI011,82.5,29.0,131027,85.2,15.8
2026-01-17,UTI012,84.8,65.3,70743,70.0,31.0
2026-01-17,UTI013,47.4,63.9,105484,75.2,77.1
2026-01-17,UTI014,82.1,44.9,130051,86.3,74.9
2026-01-17,UTI015,50.8,65.7,13145,71.3,76.8
2026-01-17,UTI016,78.0,55.4,139538,77.5,85.3
2026-01-17,UTI017,85.8,64.0,170470,95.2,62.6
2026-01-17,UTI018,81.3,20.4,102865,94.4,13.0
2026-01-17,UTI019,81.1,61.5,32385,75.5,45.4
2026-01-17,UTI020,84.4,73.5,162306,72.4,77.9
2026-01-17,UTI021,87.4,69.9,42955,97.5,92.3
2026-01-17,UTI022,50.2,71.8,175052,73.5,9.5
2026-01-17,UTI023,48.4,61.2,18045,97.6,93.2
2026-01-17,UTI024,71.9,68.4,3208,73.2,58.5
2026-01-17,UTI025,45.9,34.0,106743,73.9,17.2
2026-01-17,UTI026,51.9,64.1,123897,81.6,65.2
2026-01-17,UTI027,60.7,43.0,18422,88.8,16.0
2026-01-17,UTI028,45.2,63.4,126551,79.2,71.4
2026-01-17,UTI029,52.0,18.3,32116,80.6,74.2
2026-01-17,UTI030,56.0,74.0,130043,77.4,18.6
2026-01-17,UTI031,96.8,31.8,130956,73.0,29.0
2026-01-17,UTI032,60.9,59.9,112280,93.7,47.9
2026-01-17,UTI033,88.3,35.1,63081,69.6,17.6
2026-01-17,UTI034,86.1,38.7,151460,79.2,78.7
2026-01-17,UTI035,55.1,61.9,104262,95.4,63.1
2026-01-17,UTI036,69.7,21.4,140065,79.2,84.1
2026-01-18,UTI001,46.9,41.8,102810,98.9,45.4
2026-01-18,UTI002,67.5,70.1,80495,67.3,12.8
2026-01-18,UTI003,53.7,43.2,134723,69.5,90.1
2026-01-18,UTI004,46.4,69.1,166383,89.2,16.8
2026-01-18,UTI005,42.6,54.8,58042,94.1,37.7
2026-01-18,UTI006,42.3,55.2,102902,65.3,82.9
2026-01-18,UTI007,90.9,63.8,112497,85.9,70.7
2026-01-18,UTI008,85.9,51.2,175227,93.1,64.3
2026-01-18,UTI009,81.4,32.4,2622,76.7,12.2
2026-01-18,UTI010,64.5,22.1,173972,67.8,50.4
2026-01-18,UTI011,70.5,29.6,113614,89.0,30.5
2026-01-18,UTI012,96.9,35.5,165631,90.0,25.8
2026-01-18,UTI013,97.0,51.7,48515,88.7,77.0
2026-01-18,UTI014,71.5,59.0,137468,83.1,70.8
2026-01-18,UTI015,74.5,64.4,34211,94.7,19.5
2026-01-18,UTI016,54.4,61.1,50654,83.3,54.6
2026-01-18,UTI017,71.2,66.3,41677,81.9,76.9
2026-01-18,UTI018,44.4,43.0,43692,88.5,14.3
2026-01-18,UTI019,89.6,74.7,155978,96.9,73.3
2026-01-18,UTI020,73.3,74.1,54598,85.8,23.9
2026-01-18,UTI021,82.8,68.5,161943,89.9,93.8
2026-01-18,UTI022,96.1,47.2,85580,74.2,44.9
2026-01-18,UTI023,67.8,69.9,80869,76.6,60.8
2026-01-18,UTI024,93.9,64.7,42709,79.9,29.0
2026-01-18,UTI025,85.6,39.9,71080,86.1,62.6
2026-01-18,UTI026,87.3,63.6,167144,65.2,68.5
2026-01-18,UTI027,71.2,69.7,114153,94.2,8.9
2026-01-18,UTI028,68.6,43.7,110546,83.1,32.3
2026-01-18,UTI029,87.0,19.5,161393,82.7,51.2
2026-01-18,UTI030,91.6,76.5,80383,94.4,67.0
2026-01-18,UTI031,96.0,34.1,60649,82.9,58.5
2026-01-18,UTI032,67.9,41.0,42847,77.1,35.8
2026-01-18,UTI033,43.3,37.2,75815,78.4,23.4
2026-01-18,UTI034,83.4,81.4,30151,71.6,87.6
2026-01-18,UTI035,96.3,68.8,154426,82.2,83.5
2026-01-18,UTI036,83.4,61.0,60699,81.3,32.2
2026-01-19,UTI001,57.2,75.6,158676,97.1,75.6
2026-01-19,UTI002,85.8,59.7,9930,95.5,56.8
2026-01-19,UTI003,60.3,51.2,94420,68.7,61.1
2026-01-19,UTI004,59.7,78.9,8821,71.0,45.6
2026-01-19,UTI005,52.3,40.1,183687,88.7,8.4
2026-01-19,UTI006,90.6,66.7,57982,98.2,37.9
2026-01-19,UTI007,59.3,21.9,81835,65.0,65.5
2026-01-19,UTI008,73.5,44.8,42976,79.5,72.9
2026-01-19,UTI009,50.6,63.7,10718,66.3,40.7
2026-01-19,UTI010,48.5,78.6,171625,90.5,24.7
2026-01-19,UTI011,94.8,56.9,106582,73.7,69.1
2026-01-19,UTI012,80.4,80.2,60929,90.0,19.1
2026-01-19,UTI013,84.6,39.6,90322,83.8,24.0
2026-01-19,UTI014,68.5,54.7,168721,65.5,20.4
2026-01-19,UTI015,91.2,72.3,4634,92.5,15.2
2026-01-19,UTI016,88.6,73.0,112557,75.6,85.1
2026-01-19,UTI017,45.9,58.6,147179,75.6,37.4
2026-01-19,UTI018,68.8,24.2,14508,69.5,53.0
2026-01-19,UTI019,58.3,29.6,105943,71.0,44.7
2026-01-19,UTI020,94.8,77.7,40121,70.8,23.6
2026-01-19,UTI021,66.8,19.1,98608,70.1,23.4
2026-01-19,UTI022,72.9,27.0,78474,70.2,59.9
2026-01-19,UTI023,60.0,33.1,139995,83.2,93.5
2026-01-19,UTI024,42.5,34.1,126322,96.2,85.7
2026-01-19,UTI025,56.9,54.1,165325,77.1,11.6
2026-01-19,UTI026,80.9,82.1,98995,77.0,23.2
2026-01-19,UTI027,40.6,29.8,157455,78.3,77.5
2026-01-19,UTI028,78.6,45.2,176745,97.4,53.8
2026-01-19,UTI029,45.8,73.5,108594,67.9,9.0
2026-01-19,UTI030,53.4,44.4,76041,87.9,73.0
2026-01-19,UTI031,86.5,23.2,127370,93.3,9.3
2026-01-19,UTI032,86.0,25.4,5115,71.1,86.9
2026-01-19,UTI033,94.0,35.5,138547,69.3,30.2
2026-01-19,UTI034,48.7,18.7,129271,76.9,38.4
2026-01-19,UTI035,61.6,79.6,44795,86.0,17.4
2026-01-19,UTI036,51.0,58.5,121954,77.6,72.9
2026-01-20,UTI001,87.7,70.3,38630,70.4,75.4
2026-01-20,UTI002,54.8,38.3,68624,95.0,12.2
2026-01-20,UTI003,80.5,18.6,47896,70.3,85.1
2026-01-20,UTI004,42.9,45.8,7481,70.9,54.7
2026-01-20,UTI005,85.3,55.0,58532,75.7,58.4
2026-01-20,UTI006,40.4,37.8,19922,89.9,75.3
2026-01-20,UTI007,43.0,78.0,89400,98.5,38.1
2026-01-20,UTI008,82.7,81.5,5750,79.3,16.0
2026-01-20,UTI009,79.9,41.5,28970,97.5,49.7
2026-01-20,UTI010,79.7,50.5,12994,90.4,16.1
2026-01-20,UTI011,64.3,34.4,35454,89.8,71.3
2026-01-20,UTI012,75.0,39.3,98837,93.7,86.6
2026-01-20,UTI013,44.6,47.8,159083,69.6,21.5
2026-01-20,UTI014,78.6,41.4,149632,82.0,72.7
2026-01-20,UTI015,55.4,19.0,11548,66.7,66.0
2026-01-20,UTI016,50.4,35.9,40897,67.2,14.3
2026-01-20,UTI017,64.6,51.1,61408,84.6,18.0
2026-01-20,UTI018,68.1,65.8,83303,92.2,48.7
2026-01-20,UTI019,85.9,79.9,128176,76.5,93.0
2026-01-20,UTI020,68.0,25.1,64900,67.2,36.5
2026-01-20,UTI021,85.5,48.6,106388,68.4,66.0
2026-01-20,UTI022,50.7,66.2,69114,87.4,25.1
2026-01-20,UTI023,41.6,47.2,47089,82.5,53.3
2026-01-20,UTI024,50.9,24.3,138259,77.4,65.1
2026-01-20,UTI025,76.5,66.6,94183,89.3,19.6
2026-01-20,UTI026,52.5,29.1,25952,71.9,60.4
2026-01-20,UTI027,65.9,19.2,177204,82.8,34.0
2026-01-20,UTI028,75.7,50.2,2962,65.2,47.6
2026-01-20,UTI029,54.6,81.7,170144,63.6,72.8
2026-01-20,UTI030,79.3,47.2,60107,83.3,81.6
2026-01-20,UTI031,41.8,23.7,106233,93.7,62.7
2026-01-20,UTI032,48.3,45.9,83215,87.9,8.8
2026-01-20,UTI033,55.7,33.2,162517,74.2,25.5
2026-01-20,UTI034,87.8,49.3,83100,85.1,67.5
2026-01-20,UTI035,87.8,62.6,179097,88.6,21.4
2026-01-20,UTI036,55.1,30.7,91820,73.8,15.4
2026-01-21,UTI001,95.0,55.2,161924,82.0,58.6
2026-01-21,UTI002,40.8,32.0,49409,62.3,48.2
2026-01-21,UTI003,66.5,52.3,88780,66.2,78.2
2026-01-21,UTI004,67.8,62.1,89898,68.4,69.5
2026-01-21,UTI005,63.6,83.6,78413,80.4,29.8
2026-01-21,UTI006,71.4,61.5,4030,80.8,66.6
2026-01-21,UTI007,52.7,41.4,115891,62.0,35.4
2026-01-21,UTI008,89.7,75.8,6750,83.3,46.1
2026-01-21,UTI009,86.1,56.1,171198,83.3,86.6
2026-01-21,UTI010,56.8,51.3,91567,78.4,13.3
2026-01-21,UTI011,72.5,53.8,73400,73.1,57.6
2026-01-21,UTI012,78.1,18.1,84506,96.3,68.5
2026-01-21,UTI013,60.0,26.0,12100,89.7,82.4
2026-01-21,UTI014,79.1,72.2,174767,92.4,38.6
2026-01-21,UTI015,62.4,39.3,35600,97.3,17.9
2026-01-21,UTI016,74.5,40.5,177934,62.3,15.9
2026-01-21,UTI017,72.1,54.2,167804,63.7,33.3
2026-01-21,UTI018,76.7,44.2,38620,82.5,33.2
2026-01-21,UTI019,42.1,36.2,14570,92.1,54.9
2026-01-21,UTI020,77.5,81.2,99251,95.9,62.4
2026-01-21,UTI021,40.7,24.6,123131,91.5,90.2
2026-01-21,UTI022,78.3,61.0,102734,69.7,45.5
2026-01-21,UTI023,52.3,71.9,6785,73.0,51.5
2026-01-21,UTI024,60.6,22.3,129136,72.7,40.1
2026-01-21,UTI025,80.1,73.8,119668,68.6,69.9
2026-01-21,UTI026,91.5,34.2,45685,66.5,80.2
2026-01-21,UTI027,52.2,72.9,46357,62.1,68.8
2026-01-21,UTI028,41.3,43.9,128156,89.0,83.0
2026-01-21,UTI029,78.4,29.9,157123,97.3,75.1
2026-01-21,UTI030,43.1,68.8,118875,93.4,73.7
2026-01-21,UTI031,96.6,66.1,130350,90.2,92.3
2026-01-21,UTI032,61.7,21.8,125429,82.0,43.8
2026-01-21,UTI033,70.3,37.8,76173,78.6,51.7
2026-01-21,UTI034,65.4,30.0,80395,70.1,82.2
2026-01-21,UTI035,46.9,53.9,110646,91.7,46.8
2026-01-21,UTI036,72.0,65.6,177514,68.5,11.8
2026-01-22,UTI001,96.4,71.1,107356,64.8,29.2
2026-01-22,UTI002,73.9,74.6,68411,82.2,55.5
2026-01-22,UTI003,76.5,75.7,59009,99.0,30.4
2026-01-22,UTI004,63.1,18.4,84373,64.4,68.6
2026-01-22,UTI005,75.0,79.5,33983,64.1,53.8
2026-01-22,UTI006,42.6,44.6,84990,88.1,54.4
2026-01-22,UTI007,56.1,68.1,9029,77.1,45.2
2026-01-22,UTI008,67.9,50.5,144584,86.6,18.8
2026-01-22,UTI009,59.7,24.6,109219,64.5,54.8
2026-01-22,UTI010,63.3,59.1,119861,67.2,66.6
2026-01-22,UTI011,78.1,71.4,39588,81.7,78.7
2026-01-22,UTI012,63.8,67.9,147441,95.5,27.1
2026-01-22,UTI013,70.6,65.1,134908,98.3,72.7
2026-01-22,UTI014,86.2,36.9,58255,63.7,63.6
2026-01-22,UTI015,61.1,30.0,61531,63.0,29.2
2026-01-22,UTI016,52.3,35.1,74144,77.5,18.3
2026-01-22,UTI017,69.4,47.1,117100,97.6,14.9
2026-01-22,UTI018,50.8,55.3,28300,70.5,14.7
2026-01-22,UTI019,96.4,32.2,180585,91.3,26.9
2026-01-22,UTI020,92.5,23.6,163692,69.0,19.9
2026-01-22,UTI021,95.2,45.4,96631,82.7,12.8
2026-01-22,UTI022,50.1,38.8,57312,78.5,26.1
2026-01-22,UTI023,77.1,71.0,173802,87.0,86.4
2026-01-22,UTI024,77.4,69.0,60094,80.2,31.9
2026-01-22,UTI025,75.7,22.1,96539,82.4,71.3
2026-01-22,UTI026,67.2,54.5,150478,69.2,20.3
2026-01-22,UTI027,69.5,74.2,143380,69.3,28.0
2026-01-22,UTI028,85.9,71.3,100904,73.7,14.7
2026-01-22,UTI029,42.2,51.2,74669,87.2,44.3
2026-01-22,UTI030,95.2,71.4,119254,72.1,27.2
2026-01-22,UTI031,55.1,42.4,60738,64.0,23.1
2026-01-22,UTI032,46.5,49.8,158506,84.1,84.9
2026-01-22,UTI033,65.6,67.1,182019,83.6,44.6
2026-01-22,UTI034,96.6,32.3,181381,82.7,29.0
2026-01-22,UTI035,74.5,21.9,173088,73.4,78.5
2026-01-22,UTI036,82.9,29.9,101744,97.0,88.8
2026-01-23,UTI001,41.5,24.7,24405,80.1,41.7
2026-01-23,UTI002,68.8,49.8,102639,92.8,43.4
2026-01-23,UTI003,57.1,46.4,76976,79.9,61.4
2026-01-23,UTI004,82.0,40.8,128926,89.7,64.7
2026-01-23,UTI005,96.3,54.7,67608,81.4,92.0
2026-01-23,UTI006,43.0,28.2,9046,85.4,31.6
2026-01-23,UTI007,55.3,73.1,171469,63.4,84.3
2026-01-23,UTI008,52.5,58.9,185000,90.8,31.7
2026-01-23,UTI009,60.5,19.1,127948,87.7,81.0
2026-01-23,UTI010,85.4,70.3,181624,77.0,15.1
2026-01-23,UTI011,79.1,79.7,89418,94.8,58.5
2026-01-23,UTI012,69.8,81.6,103126,88.5,57.3
2026-01-23,UTI013,62.5,61.6,12063,94.6,35.7
2026-01-23,UTI014,40.8,80.9,122825,80.0,31.3
2026-01-23,UTI015,53.8,49.0,109489,96.6,82.4
2026-01-23,UTI016,95.8,66.6,141452,69.1,29.5
2026-01-23,UTI017,93.1,72.9,87458,77.3,17.8
2026-01-23,UTI018,84.7,26.4,160759,86.0,9.6
2026-01-23,UTI019,91.1,44.5,55816,93.5,86.7
2026-01-23,UTI020,90.7,19.2,166105,73.0,44.8
2026-01-23,UTI021,50.4,30.3,160767,64.9,93.7
2026-01-23,UTI022,86.6,18.9,109501,71.2,16.3
2026-01-23,UTI023,87.8,66.9,130724,80.7,17.1
2026-01-23,UTI024,52.5,63.2,174006,85.7,19.7
2026-01-23,UTI025,81.8,21.2,32917,83.9,38.9
2026-01-23,UTI026,76.4,69.5,175223,71.9,46.2
2026-01-23,UTI027,66.8,61.0,111008,90.1,49.9
2026-01-23,UTI028,86.2,19.0,131740,76.5,80.8
2026-01-23,UTI029,83.7,28.6,16529,96.0,89.9
2026-01-23,UTI030,71.8,30.7,183646,87.3,24.0
2026-01-23,UTI031,75.6,62.3,162416,85.4,15.2
2026-01-23,UTI032,52.7,71.9,83664,95.8,42.3
2026-01-23,UTI033,84.5,38.2,113147,98.3,35.6
2026-01-23,UTI034,48.0,68.0,28516,63.1,12.0
2026-01-23,UTI035,59.4,24.0,160797,97.1,59.1
2026-01-23,UTI036,69.5,42.0,62690,95.3,84.2
2026-01-24,UTI001,57.2,50.6,74428,83.6,67.4
2026-01-24,UTI002,48.4,35.5,73044,65.8,37.9
2026-01-24,UTI003,91.5,74.7,133387,62.8,43.8
2026-01-24,UTI004,72.7,61.1,115751,68.0,35.9
2026-01-24,UTI005,61.6,61.0,52482,87.0,37.2
2026-01-24,UTI006,46.1,43.4,98793,64.8,13.7
2026-01-24,UTI007,95.6,55.6,82686,98.1,17.2
2026-01-24,UTI008,82.7,66.8,68945,77.6,25.5
2026-01-24,UTI009,88.5,21.3,124707,69.7,67.8
2026-01-24,UTI010,41.4,30.2,22347,83.9,62.7
2026-01-24,UTI011,41.0,41.4,65993,89.5,67.6
2026-01-24,UTI012,95.4,29.1,168797,91.1,26.8
2026-01-24,UTI013,78.7,76.4,138688,70.5,68.3
2026-01-24,UTI014,90.4,66.4,149858,81.9,46.8
2026-01-24,UTI015,59.2,70.4,167060,95.5,47.7
2026-01-24,UTI016,73.5,69.5,117828,90.8,75.7
2026-01-24,UTI017,88.0,67.9,86122,62.4,24.3
2026-01-24,UTI018,92.9,28.9,67795,82.2,32.5
2026-01-24,UTI019,65.9,25.4,42131,91.8,18.2
2026-01-24,UTI020,72.2,43.5,114058,65.0,22.3
2026-01-24,UTI021,71.9,80.9,161332,73.1,33.7
2026-01-24,UTI022,91.6,74.2,77201,80.3,13.3
2026-01-24,UTI023,76.6,38.4,150018,87.8,47.8
2026-01-24,UTI024,87.4,24.1,38648,74.6,29.0
2026-01-24,UTI025,89.5,70.0,72131,62.1,24.8
2026-01-24,UTI026,82.0,55.8,147775,80.7,67.9
2026-01-24,UTI027,84.5,83.7,43297,92.1,91.0
2026-01-24,UTI028,90.4,37.0,126495,89.5,38.4
2026-01-24,UTI029,86.3,45.1,147803,95.4,59.6
2026-01-24,UTI030,57.8,72.2,24286,69.8,89.8
2026-01-24,UTI031,94.2,20.6,135458,85.0,84.4
2026-01-24,UTI032,94.1,54.6,88399,68.4,64.3
2026-01-24,UTI033,83.7,71.5,56349,70.6,86.7
2026-01-24,UTI034,60.9,60.1,133238,73.7,51.4
2026-01-24,UTI035,60.9,41.4,31099,87.0,80.6
2026-01-24,UTI036,57.5,19.9,111200,68.0,90.0
2026-01-25,UTI001,76.8,81.2,148984,68.6,88.1
2026-01-25,UTI002,76.1,58.5,52293,88.1,68.6
2026-01-25,UTI003,71.6,43.6,108808,90.5,87.1
2026-01-25,UTI004,73.2,81.0,63315,98.4,93.2
2026-01-25,UTI005,42.1,37.2,53231,85.0,44.0
2026-01-25,UTI006,82.1,81.4,144365,84.6,67.2
2026-01-25,UTI007,93.5,28.5,85006,76.3,75.3
2026-01-25,UTI008,46.0,49.6,57272,81.8,57.2
2026-01-25,UTI009,68.5,18.8,173771,90.1,14.5
2026-01-25,UTI010,70.3,68.5,96105,85.3,79.9
2026-01-25,UTI011,50.3,77.9,57608,84.0,40.2
2026-01-25,UTI012,76.0,78.8,70668,95.4,15.7
2026-01-25,UTI013,72.0,74.9,81229,74.7,63.6
2026-01-25,UTI014,85.7,74.2,54276,83.3,72.9
2026-01-25,UTI015,94.1,63.9,47763,94.0,18.2
2026-01-25,UTI016,42.9,22.1,36746,90.9,30.5
2026-01-25,UTI017,49.9,42.5,89242,87.6,23.3
2026-01-25,UTI018,74.5,74.9,23347,78.9,29.6
2026-01-25,UTI019,40.5,52.8,149346,81.8,73.0
2026-01-25,UTI020,89.7,30.1,29622,64.0,25.2
2026-01-25,UTI021,76.1,67.8,91580,90.3,70.1
2026-01-25,UTI022,75.4,49.0,11798,64.4,92.8
2026-01-25,UTI023,82.1,72.4,144047,93.0,25.8
2026-01-25,UTI024,72.9,78.6,31765,72.7,15.4
2026-01-25,UTI025,54.9,78.8,36079,95.0,91.1
2026-01-25,UTI026,55.2,73.7,162875,98.4,74.8
2026-01-25,UTI027,68.9,40.4,50539,88.2,17.8
2026-01-25,UTI028,49.7,26.5,99535,96.9,15.1
2026-01-25,UTI029,57.6,37.5,45953,97.9,58.0
2026-01-25,UTI030,69.8,69.3,151277,98.6,71.8
2026-01-25,UTI031,69.9,71.3,7572,92.8,88.0
2026-01-25,UTI032,68.9,42.6,139613,79.1,30.6
2026-01-25,UTI033,92.0,45.0,76839,69.9,32.7
2026-01-25,UTI034,77.6,25.0,104316,67.2,72.0
2026-01-25,UTI035,43.8,81.4,135064,85.6,69.9
2026-01-25,UTI036,52.9,63.1,20508,87.0,66.2
2026-01-26,UTI001,43.4,48.2,142946,92.2,86.4
2026-01-26,UTI002,58.2,38.3,39043,64.0,79.6
2026-01-26,UTI003,51.9,63.3,147049,68.3,11.3
2026-01-26,UTI004,60.0,65.4,56384,65.0,81.5
2026-01-26,UTI005,90.3,36.9,176271,63.1,89.7
2026-01-26,UTI006,78.2,46.6,165458,66.9,63.3
2026-01-26,UTI007,66.6,47.3,184944,64.5,55.6
2026-01-26,UTI008,91.9,51.1,114188,97.7,36.5
2026-01-26,UTI009,82.5,50.2,94230,83.5,42.5
2026-01-26,UTI010,72.7,67.3,54924,90.8,89.6
2026-01-26,UTI011,95.8,33.7,171797,65.0,32.4
2026-01-26,UTI012,48.6,38.6,37716,79.3,10.8
2026-01-26,UTI013,92.8,57.9,147290,77.3,83.9
2026-01-26,UTI014,95.3,66.2,31486,93.6,79.5
2026-01-26,UTI015,47.4,67.8,163580,93.0,59.5
2026-01-26,UTI016,48.1,48.6,97619,97.8,58.6
2026-01-26,UTI017,91.2,56.3,15143,67.8,34.3
2026-01-26,UTI018,93.7,39.4,128811,93.6,21.2
2026-01-26,UTI019,81.9,49.2,5793,92.8,40.6
2026-01-26,UTI020,91.5,83.1,38961,79.9,85.4
2026-01-26,UTI021,66.9,82.7,112196,93.7,60.3
2026-01-26,UTI022,48.1,55.7,62072,86.6,34.8
2026-01-26,UTI023,52.0,72.1,130231,91.7,90.5
2026-01-26,UTI024,58.8,50.9,106946,96.0,55.1
2026-01-26,UTI025,58.1,59.3,181738,91.9,36.2
2026-01-26,UTI026,72.6,19.4,45869,91.3,46.2
2026-01-26,UTI027,58.7,65.6,59787,97.6,73.9
2026-01-26,UTI028,70.4,68.4,149218,74.2,82.8
2026-01-26,UTI029,76.2,59.2,13543,83.1,9.8
2026-01-26,UTI030,89.1,55.3,136717,78.4,57.2
2026-01-26,UTI031,67.7,25.8,28550,92.8,74.9
2026-01-26,UTI032,62.6,64.4,83762,84.1,74.5
2026-01-26,UTI033,95.8,18.9,20676,80.2,76.7
2026-01-26,UTI034,72.4,56.4,38005,95.2,39.4
2026-01-26,UTI035,74.6,35.0,178258,81.9,24.8
2026-01-26,UTI036,65.3,76.9,120802,67.4,61.5
2026-01-27,UTI001,69.9,45.9,6662,74.0,50.0
2026-01-27,UTI002,47.8,52.5,68737,97.7,49.5
2026-01-27,UTI003,43.6,74.9,81968,94.2,92.0
2026-01-27,UTI004,59.3,69.8,88915,83.6,74.7
2026-01-27,UTI005,54.5,51.5,179175,89.7,24.4
2026-01-27,UTI006,69.4,41.1,12779,82.5,67.9
2026-01-27,UTI007,56.0,50.9,109218,80.5,17.9
2026-01-27,UTI008,74.4,30.9,9379,78.3,59.9
2026-01-27,UTI009,90.0,23.7,85028,94.7,30.0
2026-01-27,UTI010,75.3,47.5,122303,83.8,30.2
2026-01-27,UTI011,90.8,65.0,147121,64.1,77.1
2026-01-27,UTI012,60.9,71.6,78156,74.9,12.6
2026-01-27,UTI013,65.4,29.4,163799,67.3,87.4
2026-01-27,UTI014,44.0,77.9,167769,92.4,24.4
2026-01-27,UTI015,73.7,68.7,31275,64.4,83.7
2026-01-27,UTI016,53.2,65.9,92735,74.5,17.3
2026-01-27,UTI017,96.3,42.9,37683,97.7,22.3
2026-01-27,UTI018,95.4,40.0,166929,72.1,49.9
2026-01-27,UTI019,45.3,23.0,40539,95.0,24.7
2026-01-27,UTI020,74.2,36.6,55638,67.1,68.0
2026-01-27,UTI021,75.7,42.4,158510,72.4,50.2
2026-01-27,UTI022,74.5,53.2,59186,74.7,41.2
2026-01-27,UTI023,85.7,58.7,38739,68.8,74.3
2026-01-27,UTI024,40.6,66.5,68207,84.3,86.1
2026-01-27,UTI025,95.4,42.0,105107,91.3,68.2
2026-01-27,UTI026,57.3,69.2,34213,93.9,26.6
2026-01-27,UTI027,46.5,81.5,105775,80.6,89.3
2026-01-27,UTI028,58.8,50.5,55677,87.1,55.6
2026-01-27,UTI029,86.1,71.6,60358,75.9,86.1
2026-01-27,UTI030,92.7,48.8,155139,82.7,48.6
2026-01-27,UTI031,67.9,64.6,50377,64.8,78.3
2026-01-27,UTI032,90.5,81.4,93559,81.5,46.6
2026-01-27,UTI033,58.3,69.3,135132,69.3,34.6
2026-01-27,UTI034,77.2,44.4,160826,89.6,17.0
2026-01-27,UTI035,78.0,43.8,5789,96.6,68.4
2026-01-27,UTI036,87.9,33.8,135941,88.3,89.9
2026-01-28,UTI001,63.0,63.3,129630,76.2,47.3
2026-01-28,UTI002,42.5,83.2,11143,71.1,26.9
2026-01-28,UTI003,78.2,34.9,141826,91.8,46.4
2026-01-28,UTI004,63.8,32.5,7308,83.7,60.8
2026-01-28,UTI005,84.8,44.4,170123,72.4,15.7
2026-01-28,UTI006,72.0,23.7,136147,90.8,62.2
2026-01-28,UTI007,69.0,42.9,137383,81.6,73.2
2026-01-28,UTI008,84.9,71.3,15713,72.7,8.3
2026-01-28,UTI009,40.9,72.9,140043,88.0,72.6
2026-01-28,UTI010,41.2,38.8,29491,75.6,92.2
2026-01-28,UTI011,80.1,21.5,19247,96.7,88.7
2026-01-28,UTI012,79.7,39.0,26099,96.6,11.9
2026-01-28,UTI013,71.9,53.3,83787,86.1,71.4
2026-01-28,UTI014,78.5,20.0,100960,81.6,40.0
2026-01-28,UTI015,40.9,49.1,171679,75.1,65.0
2026-01-28,UTI016,49.2,37.5,7985,97.5,46.2
2026-01-28,UTI017,70.0,83.2,143392,78.1,17.8
2026-01-28,UTI018,89.0,38.2,24064,70.2,71.3
2026-01-28,UTI019,42.7,19.9,15832,71.3,67.2
2026-01-28,UTI020,86.9,35.9,171135,88.0,10.1
2026-01-28,UTI021,84.9,52.6,99652,69.3,80.6
2026-01-28,UTI022,65.0,57.6,50784,94.0,37.7
2026-01-28,UTI023,72.9,74.5,33456,87.3,63.7
2026-01-28,UTI024,84.1,33.5,131013,87.2,13.0
2026-01-28,UTI025,69.2,24.4,100640,69.5,31.2
2026-01-28,UTI026,67.1,82.2,86594,96.0,27.7
2026-01-28,UTI027,85.2,43.4,130367,81.0,33.2
2026-01-28,UTI028,93.8,72.9,72450,65.8,87.5
2026-01-28,UTI029,61.4,41.0,175983,79.2,49.7
2026-01-28,UTI030,87.7,18.5,158269,91.7,42.4
2026-01-28,UTI031,85.6,19.7,21731,83.5,82.3
2026-01-28,UTI032,60.2,53.4,147317,84.9,64.4
2026-01-28,UTI033,94.7,62.6,28271,81.9,37.5
2026-01-28,UTI034,80.6,72.0,90383,67.9,19.1
2026-01-28,UTI035,42.1,37.9,39034,74.0,45.7
2026-01-28,UTI036,89.1,40.9,67038,75.4,27.0
2026-01-29,UTI001,46.7,35.3,89153,82.6,19.3
2026-01-29,UTI002,51.2,70.7,99430,88.9,67.1
2026-01-29,UTI003,70.0,18.1,71592,80.4,44.9
2026-01-29,UTI004,49.4,66.6,163734,88.5,60.5
2026-01-29,UTI005,57.2,34.3,110279,92.7,22.9
2026-01-29,UTI006,65.3,82.4,29859,74.7,33.0
2026-01-29,UTI007,42.6,30.3,80473,99.0,60.2
2026-01-29,UTI008,51.3,77.7,110030,78.6,12.8
2026-01-29,UTI009,48.0,52.4,32263,84.7,82.6
2026-01-29,UTI010,43.5,27.8,131742,93.9,23.5
2026-01-29,UTI011,77.9,26.5,172482,97.4,32.9
2026-01-29,UTI012,52.1,55.2,143719,64.8,90.9
2026-01-29,UTI013,83.4,72.8,43015,92.7,89.1
2026-01-29,UTI014,80.5,28.6,96798,97.3,12.4
2026-01-29,UTI015,54.1,51.3,99686,82.5,59.1
2026-01-29,UTI016,47.2,71.5,162917,85.3,40.9
2026-01-29,UTI017,76.9,27.7,80215,93.9,87.8
2026-01-29,UTI018,46.7,82.4,76872,66.0,31.1
2026-01-29,UTI019,87.5,46.5,110928,73.4,84.7
2026-01-29,UTI020,96.7,71.9,163895,68.9,16.2
2026-01-29,UTI021,40.6,51.4,177684,89.0,18.1
2026-01-29,UTI022,93.5,47.2,126785,73.2,59.9
2026-01-29,UTI023,41.8,28.6,181199,88.6,80.5
2026-01-29,UTI024,77.0,42.6,43630,92.7,64.4
2026-01-29,UTI025,96.4,68.9,170027,69.8,54.4
2026-01-29,UTI026,51.1,75.3,55274,67.9,42.6
2026-01-29,UTI027,86.3,52.6,3330,81.5,66.1
2026-01-29,UTI028,87.8,54.4,132458,96.0,89.4
2026-01-29,UTI029,48.1,19.7,63689,91.1,67.8
2026-01-29,UTI030,52.5,72.6,64726,82.4,44.9
2026-01-29,UTI031,60.2,47.4,157066,62.7,57.7
2026-01-29,UTI032,66.9,83.4,20867,91.7,16.1
2026-01-29,UTI033,42.3,53.2,46810,77.5,15.1
2026-01-29,UTI034,58.3,71.6,41425,97.2,77.5
2026-01-29,UTI035,86.3,24.3,153188,64.9,39.1
2026-01-29,UTI036,83.9,56.7,68625,75.8,77.9
2026-01-30,UTI001,94.1,50.9,72025,82.0,74.5
2026-01-30,UTI002,76.2,60.3,167016,64.0,75.7
2026-01-30,UTI003,49.7,53.9,88131,96.8,74.1
2026-01-30,UTI004,63.0,55.8,137465,66.3,51.4
2026-01-30,UTI005,90.4,20.9,91381,92.5,56.1
2026-01-30,UTI006,87.5,67.2,71713,76.6,30.6
2026-01-30,UTI007,71.7,80.3,49588,93.8,14.6
2026-01-30,UTI008,95.2,38.6,27137,80.9,68.2
2026-01-30,UTI009,70.1,27.2,53127,82.2,44.6
2026-01-30,UTI010,78.4,67.1,24349,62.8,31.9
2026-01-30,UTI011,77.8,58.5,69731,67.0,84.7
2026-01-30,UTI012,59.3,34.3,94832,97.4,64.9
2026-01-30,UTI013,86.6,45.1,98342,85.5,40.5
2026-01-30,UTI014,72.8,78.9,5782,79.1,88.5
2026-01-30,UTI015,49.7,56.5,170935,69.1,30.6
2026-01-30,UTI016,84.1,72.4,34211,84.6,28.2
2026-01-30,UTI017,50.0,22.2,158764,88.7,84.3
2026-01-30,UTI018,78.9,53.8,69185,80.4,47.1
2026-01-30,UTI019,56.9,45.4,94657,87.8,52.2
2026-01-30,UTI020,85.8,44.4,64821,89.4,30.4
2026-01-30,UTI021,78.2,39.5,34990,91.1,46.7
2026-01-30,UTI022,47.1,23.4,123712,82.2,32.3
2026-01-30,UTI023,90.6,45.3,181933,94.2,44.7
2026-01-30,UTI024,55.2,41.7,34942,82.1,20.8
2026-01-30,UTI025,75.5,29.1,163985,69.9,13.5
2026-01-30,UTI026,62.7,72.4,71864,85.1,52.0
2026-01-30,UTI027,78.3,51.6,156560,80.4,66.8
2026-01-30,UTI028,43.1,19.5,47455,81.4,44.3
2026-01-30,UTI029,64.0,32.2,33097,74.8,59.2
2026-01-30,UTI030,46.4,46.6,177467,68.2,9.1
2026-01-30,UTI031,72.5,47.0,119020,72.6,66.5
2026-01-30,UTI032,62.3,21.0,35353,93.2,35.3
2026-01-30,UTI033,71.8,21.9,37111,93.7,37.3
2026-01-30,UTI034,70.0,44.0,121369,71.5,10.0
2026-01-30,UTI035,52.0,19.0,44212,83.7,19.6
2026-01-30,UTI036,82.3,42.4,156107,71.7,74.2
2026-01-31,UTI001,48.5,47.9,163123,80.9,30.9
2026-01-31,UTI002,73.3,48.5,10977,97.6,17.7
2026-01-31,UTI003,42.0,55.7,167453,84.7,16.9
2026-01-31,UTI004,77.5,82.0,72697,84.5,39.1
2026-01-31,UTI005,67.0,20.9,108986,68.5,69.3
2026-01-31,UTI006,63.2,53.2,60338,93.9,73.0
2026-01-31,UTI007,76.0,79.9,109011,86.7,34.6
2026-01-31,UTI008,48.5,78.9,181323,93.1,13.0
2026-01-31,UTI009,55.6,60.1,174092,66.6,57.5
2026-01-31,UTI010,65.0,53.3,100081,98.7,88.6
2026-01-31,UTI011,51.3,49.3,129234,63.7,87.3
2026-01-31,UTI012,63.2,54.5,14009,69.2,78.1
2026-01-31,UTI013,87.5,30.3,108667,97.7,26.8
2026-01-31,UTI014,80.5,35.8,122333,89.2,53.6
2026-01-31,UTI015,54.6,21.2,74537,84.2,23.5
2026-01-31,UTI016,95.3,63.1,82104,96.9,40.5
2026-01-31,UTI017,47.3,79.3,115109,91.7,63.8
2026-01-31,UTI018,92.0,39.4,180316,76.7,38.5
2026-01-31,UTI019,41.7,82.8,47501,66.1,50.0
2026-01-31,UTI020,75.7,34.0,98909,89.8,81.6
2026-01-31,UTI021,70.2,46.6,179973,77.5,68.4
2026-01-31,UTI022,52.9,47.8,23350,82.1,21.8
2026-01-31,UTI023,46.5,40.0,101765,62.2,85.2
2026-01-31,UTI024,78.4,68.3,122225,88.7,86.1
2026-01-31,UTI025,87.7,47.5,6529,83.7,31.9
2026-01-31,UTI026,48.3,21.2,176155,73.2,90.8
2026-01-31,UTI027,58.5,23.1,155354,63.1,15.3
2026-01-31,UTI028,59.0,51.6,28249,81.6,59.0
2026-01-31,UTI029,78.6,70.2,31679,92.5,82.5
2026-01-31,UTI030,79.6,60.5,171586,68.2,46.0
2026-01-31,UTI031,89.8,18.3,79519,95.7,29.2
2026-01-31,UTI032,63.5,37.1,102017,72.7,29.0
2026-01-31,UTI033,68.3,66.5,26383,68.4,85.0
2026-01-31,UTI034,85.4,52.0,134096,65.5,39.3
2026-01-31,UTI035,55.5,46.9,149143,67.8,53.6
2026-01-31,UTI036,70.2,29.1,79420,63.6,87.3
2026-02-01,UTI001,80.1,55.4,68561,92.7,64.7
2026-02-01,UTI002,80.2,73.1,49050,93.7,26.3
2026-02-01,UTI003,72.5,22.7,71381,79.3,86.1
2026-02-01,UTI004,68.8,60.0,67194,62.5,32.2
2026-02-01,UTI005,79.1,37.1,112840,88.2,81.2
2026-02-01,UTI006,81.4,83.2,75599,98.2,51.4
2026-02-01,UTI007,89.1,53.0,167797,79.4,60.5
2026-02-01,UTI008,80.3,83.8,34701,62.5,88.8
2026-02-01,UTI009,83.3,63.0,106490,71.7,90.2
2026-02-01,UTI010,78.0,80.5,177028,88.1,48.4
2026-02-01,UTI011,49.2,49.1,87049,88.5,54.9
2026-02-01,UTI012,67.2,80.5,113124,85.4,64.5
2026-02-01,UTI013,55.8,27.3,81935,67.3,9.5
2026-02-01,UTI014,82.0,74.4,136282,93.2,14.2
2026-02-01,UTI015,44.5,36.9,180608,66.9,34.5
2026-02-01,UTI016,92.4,63.1,136260,67.0,87.5
2026-02-01,UTI017,65.1,20.5,68381,81.2,56.6
2026-02-01,UTI018,87.0,29.7,154200,77.6,55.3
2026-02-01,UTI019,90.7,69.1,94144,77.9,67.7
2026-02-01,UTI020,77.8,82.9,17362,68.2,74.1
2026-02-01,UTI021,72.1,51.8,77337,67.3,67.3
2026-02-01,UTI022,61.9,25.9,75351,79.6,90.4
2026-02-01,UTI023,93.0,39.1,165066,65.7,81.5
2026-02-01,UTI024,63.7,23.0,37406,86.8,83.4
2026-02-01,UTI025,86.4,80.3,96186,80.4,54.9
2026-02-01,UTI026,60.2,26.7,95399,78.7,40.6
2026-02-01,UTI027,65.4,46.8,87267,62.8,48.2
2026-02-01,UTI028,61.3,36.8,166023,87.0,37.2
2026-02-01,UTI029,79.6,52.4,69766,83.2,77.4
2026-02-01,UTI030,88.1,64.1,170497,63.3,75.9
2026-02-01,UTI031,55.2,66.2,158738,92.3,58.9
2026-02-01,UTI032,88.1,66.9,146891,92.5,61.5
2026-02-01,UTI033,84.0,59.0,78937,66.8,78.8
2026-02-01,UTI034,69.1,69.4,158231,75.1,74.3
2026-02-01,UTI035,95.3,59.5,31111,80.3,14.2
2026-02-01,UTI036,75.5,60.3,110009,91.1,55.9
2026-02-02,UTI001,64.9,81.9,54868,81.5,50.5
2026-02-02,UTI002,88.3,53.1,17429,94.9,51.8
2026-02-02,UTI003,64.3,47.5,2004,97.4,63.5
2026-02-02,UTI004,40.1,74.3,53462,97.5,48.9
2026-02-02,UTI005,79.3,67.4,62446,77.9,20.3
2026-02-02,UTI006,87.8,33.1,172733,82.3,77.1
2026-02-02,UTI007,87.8,58.5,44015,79.6,20.2
2026-02-02,UTI008,64.0,75.3,63888,64.6,74.1
2026-02-02,UTI009,53.3,28.7,33532,97.3,85.0
2026-02-02,UTI010,78.0,51.3,180466,89.0,10.4
2026-02-02,UTI011,79.7,27.8,54039,69.8,43.3
2026-02-02,UTI012,49.4,42.3,76262,84.7,48.9
2026-02-02,UTI013,62.1,23.8,75049,67.4,35.0
2026-02-02,UTI014,65.6,37.8,106891,74.2,29.2
2026-02-02,UTI015,55.8,64.2,89170,73.1,83.2
2026-02-02,UTI016,75.6,78.4,34614,69.7,71.6
2026-02-02,UTI017,72.9,72.9,141061,91.5,37.3
2026-02-02,UTI018,50.3,30.4,98978,62.5,89.1
2026-02-02,UTI019,72.7,67.0,134043,69.0,80.9
2026-02-02,UTI020,95.6,53.7,78680,74.0,22.5
2026-02-02,UTI021,64.2,28.8,102197,97.4,74.5
2026-02-02,UTI022,60.6,78.8,85602,70.3,13.0
2026-02-02,UTI023,85.3,67.3,89484,68.2,93.7
2026-02-02,UTI024,60.4,35.1,60912,98.1,49.3
2026-02-02,UTI025,80.3,23.3,9194,89.4,78.2
2026-02-02,UTI026,96.5,43.5,127270,88.6,34.2
2026-02-02,UTI027,88.3,44.7,168529,74.0,60.0
2026-02-02,UTI028,89.9,66.1,125655,72.3,91.1
2026-02-02,UTI029,79.3,18.7,26709,70.0,48.0
2026-02-02,UTI030,91.2,39.8,146292,85.8,88.7
2026-02-02,UTI031,63.2,33.8,99681,74.7,52.6
2026-02-02,UTI032,96.2,60.1,97700,63.7,62.0
2026-02-02,UTI033,74.5,45.4,108975,80.2,71.7
2026-02-02,UTI034,74.3,50.8,13524,77.0,47.8
2026-02-02,UTI035,68.1,29.9,163052,94.7,87.5
2026-02-02,UTI036,47.5,52.6,53228,90.2,13.1
2026-02-03,UTI001,57.4,82.3,84259,72.9,10.7
2026-02-03,UTI002,48.5,24.3,97573,93.8,89.8
2026-02-03,UTI003,79.3,78.9,169267,78.6,36.1
2026-02-03,UTI004,77.7,23.1,95165,84.5,41.8
2026-02-03,UTI005,58.0,72.9,128074,85.9,14.1
2026-02-03,UTI006,77.8,63.3,46590,83.9,90.5
2026-02-03,UTI007,61.4,28.4,47992,62.5,42.3
2026-02-03,UTI008,62.8,30.4,148741,77.9,85.4
2026-02-03,UTI009,88.9,56.5,2128,78.7,34.7
2026-02-03,UTI010,68.5,80.3,30564,72.5,25.7
2026-02-03,UTI011,76.7,84.0,79532,91.0,56.8
2026-02-03,UTI012,64.0,33.6,89291,90.6,14.0
2026-02-03,UTI013,72.2,82.1,61754,65.1,68.3
2026-02-03,UTI014,56.1,75.6,107422,78.6,50.8
2026-02-03,UTI015,83.6,30.4,131188,94.1,51.0
2026-02-03,UTI016,89.1,45.2,10488,76.2,28.5
2026-02-03,UTI017,92.6,49.9,118795,72.6,21.1
2026-02-03,UTI018,52.2,45.0,17252,64.1,59.3
2026-02-03,UTI019,60.7,76.6,53809,89.4,81.5
2026-02-03,UTI020,88.8,22.5,120636,92.5,17.3
2026-02-03,UTI021,80.3,39.4,170297,97.8,24.2
2026-02-03,UTI022,62.4,53.0,105966,91.3,91.0
2026-02-03,UTI023,78.3,29.9,142221,90.9,90.4
2026-02-03,UTI024,92.4,42.6,166822,64.6,70.5
2026-02-03,UTI025,92.2,46.3,87586,89.6,55.3
2026-02-03,UTI026,45.1,36.1,95104,98.1,61.1
2026-02-03,UTI027,70.2,54.1,59385,71.6,33.0
2026-02-03,UTI028,59.5,70.0,164557,71.7,72.7
2026-02-03,UTI029,95.7,52.0,169271,72.1,75.6
2026-02-03,UTI030,50.1,37.4,154703,77.2,52.6
2026-02-03,UTI031,96.3,81.1,165947,81.4,87.4
2026-02-03,UTI032,66.2,25.6,42699,98.2,15.8
2026-02-03,UTI033,54.0,40.3,110764,88.2,14.2
2026-02-03,UTI034,49.7,74.3,171536,87.5,27.4
2026-02-03,UTI035,79.8,41.6,82654,75.0,33.0
2026-02-03,UTI036,87.1,28.4,72888,86.7,27.9
2026-02-04,UTI001,42.6,59.7,34249,95.1,75.8
2026-02-04,UTI002,72.7,43.9,112437,87.2,71.7
2026-02-04,UTI003,64.9,61.9,167677,84.1,90.1
2026-02-04,UTI004,78.4,33.6,151287,68.0,81.1
2026-02-04,UTI005,84.9,45.3,124082,65.5,61.2
2026-02-04,UTI006,69.4,22.1,31423,71.6,74.4
2026-02-04,UTI007,64.2,55.8,95129,87.6,27.8
2026-02-04,UTI008,50.5,23.5,76666,75.6,53.0
2026-02-04,UTI009,91.8,59.7,38383,73.6,24.0
2026-02-04,UTI010,86.9,75.5,147131,81.0,80.9
2026-02-04,UTI011,59.7,68.2,125214,84.4,79.0
2026-02-04,UTI012,65.2,77.0,83412,83.0,61.0
2026-02-04,UTI013,78.3,39.6,46171,83.9,49.9
2026-02-04,UTI014,42.7,38.9,180466,98.2,94.0
2026-02-04,UTI015,49.9,39.7,76697,72.2,85.0
2026-02-04,UTI016,47.4,52.4,17907,96.6,66.4
2026-02-04,UTI017,43.9,71.0,22820,92.3,63.3
2026-02-04,UTI018,45.3,61.4,119399,84.3,91.0
2026-02-04,UTI019,52.8,53.8,34932,87.8,18.8
2026-02-04,UTI020,56.1,25.7,172461,68.9,88.8
2026-02-04,UTI021,60.9,48.4,176788,95.0,72.0
2026-02-04,UTI022,65.3,33.2,43602,82.2,16.6
2026-02-04,UTI023,43.8,31.9,96128,66.3,73.2
2026-02-04,UTI024,80.2,64.0,58434,79.7,68.3
2026-02-04,UTI025,42.1,37.2,98378,73.5,74.6
2026-02-04,UTI026,49.0,44.9,168245,98.6,48.5
2026-02-04,UTI027,49.3,35.4,158311,63.6,67.5
2026-02-04,UTI028,88.9,46.5,56337,98.5,71.1
2026-02-04,UTI029,45.7,31.8,95112,81.6,87.1
2026-02-04,UTI030,46.0,27.3,113672,81.9,79.1
2026-02-04,UTI031,64.3,44.0,82434,63.1,12.1
2026-02-04,UTI032,57.6,60.5,117751,89.7,93.7
2026-02-04,UTI033,48.6,63.0,30459,86.0,71.9
2026-02-04,UTI034,48.1,30.4,117451,96.9,41.4
2026-02-04,UTI035,41.5,70.2,43319,77.1,80.2
2026-02-04,UTI036,43.0,71.2,182054,88.2,29.1
2026-02-05,UTI001,72.6,41.7,88490,71.6,8.8
2026-02-05,UTI002,50.1,46.8,172734,68.8,66.8
2026-02-05,UTI003,47.9,40.4,19873,79.5,63.6
2026-02-05,UTI004,57.6,20.8,55174,64.9,41.0
2026-02-05,UTI005,80.0,61.5,55226,82.5,22.7
2026-02-05,UTI006,58.8,81.4,84216,67.4,81.5
2026-02-05,UTI007,67.4,73.1,167848,90.2,43.7
2026-02-05,UTI008,74.2,77.0,24194,77.7,59.7
2026-02-05,UTI009,96.3,51.8,165230,98.8,75.3
2026-02-05,UTI010,76.5,63.9,181226,79.0,22.2
2026-02-05,UTI011,86.9,21.4,17012,78.4,76.7
2026-02-05,UTI012,51.6,43.2,46602,65.8,65.2
2026-02-05,UTI013,61.0,64.9,12620,66.4,38.5
2026-02-05,UTI014,41.7,76.0,91646,69.3,63.3
2026-02-05,UTI015,86.6,67.2,159589,97.5,64.4
2026-02-05,UTI016,56.5,58.1,162008,96.8,86.1
2026-02-05,UTI017,63.5,56.3,132248,74.6,43.9
2026-02-05,UTI018,66.3,60.5,170982,80.9,13.7
2026-02-05,UTI019,87.0,77.8,66629,78.1,61.4
2026-02-05,UTI020,60.0,46.6,56747,73.7,73.7
2026-02-05,UTI021,95.7,78.0,93830,92.0,77.2
2026-02-05,UTI022,69.2,44.6,150693,77.9,72.8
2026-02-05,UTI023,74.4,74.7,4374,80.2,82.3
2026-02-05,UTI024,81.0,83.2,154365,62.1,87.2
2026-02-05,UTI025,63.7,41.1,4763,85.8,45.4
2026-02-05,UTI026,85.9,79.0,58093,75.2,80.9
2026-02-05,UTI027,40.7,19.5,46078,79.8,45.9
2026-02-05,UTI028,55.1,19.7,55612,78.1,44.0
2026-02-05,UTI029,71.9,67.3,88815,66.1,15.4
2026-02-05,UTI030,96.9,32.7,78741,63.1,13.1
2026-02-05,UTI031,47.1,45.6,29353,72.7,84.6
2026-02-05,UTI032,75.2,44.3,90155,73.2,31.4
2026-02-05,UTI033,43.0,23.9,15240,85.5,90.0
2026-02-05,UTI034,57.4,62.6,108424,96.6,13.8
2026-02-05,UTI035,61.8,33.2,141289,70.0,88.1
2026-02-05,UTI036,66.1,28.0,63213,82.9,46.3
2026-02-06,UTI001,81.8,20.5,65074,86.0,92.2
2026-02-06,UTI002,80.9,83.5,154052,80.0,10.1
2026-02-06,UTI003,78.2,21.2,27427,83.6,45.8
2026-02-06,UTI004,81.8,19.8,134940,74.1,30.2
2026-02-06,UTI005,48.2,33.8,38391,85.4,29.5
2026-02-06,UTI006,63.5,79.0,40577,78.2,83.8
2026-02-06,UTI007,68.0,54.9,45632,64.0,14.1
2026-02-06,UTI008,89.4,42.1,22558,69.1,55.7
2026-02-06,UTI009,62.1,76.0,96065,97.4,89.6
2026-02-06,UTI010,41.7,75.9,41247,74.3,48.9
2026-02-06,UTI011,73.7,71.0,87735,93.7,23.1
2026-02-06,UTI012,56.0,64.0,89058,98.4,25.1
2026-02-06,UTI013,89.7,28.2,81014,72.9,63.4
2026-02-06,UTI014,84.7,70.0,63904,98.2,58.9
2026-02-06,UTI015,79.4,39.4,48020,76.0,86.0
2026-02-06,UTI016,87.2,51.7,50477,98.3,72.1
2026-02-06,UTI017,79.5,62.5,138475,89.5,87.9
2026-02-06,UTI018,74.5,78.9,18250,70.2,45.9
2026-02-06,UTI019,52.3,68.3,17783,92.2,63.6
2026-02-06,UTI020,93.9,83.7,56371,64.3,38.1
2026-02-06,UTI021,79.1,78.0,4691,96.7,66.3
2026-02-06,UTI022,83.1,50.7,4375,82.6,31.3
2026-02-06,UTI023,49.8,67.8,163071,92.9,20.4
2026-02-06,UTI024,75.2,67.4,150290,76.2,29.1
2026-02-06,UTI025,63.0,33.1,58345,90.0,44.1
2026-02-06,UTI026,77.9,32.6,107877,72.9,12.4
2026-02-06,UTI027,70.5,31.0,105226,79.2,10.0
2026-02-06,UTI028,66.5,65.3,25268,80.6,40.7
2026-02-06,UTI029,70.1,29.0,130135,78.2,61.7
2026-02-06,UTI030,89.1,32.4,182284,74.9,46.1
2026-02-06,UTI031,87.2,30.9,51314,86.2,53.3
2026-02-06,UTI032,71.8,77.9,119143,64.5,9.8
2026-02-06,UTI033,68.4,77.0,172432,69.2,84.5
2026-02-06,UTI034,56.8,77.3,45273,94.3,51.2
2026-02-06,UTI035,81.9,38.2,104905,69.8,63.7
2026-02-06,UTI036,83.0,58.1,10718,79.7,43.9
2026-02-07,UTI001,60.6,25.3,158383,86.3,34.1
2026-02-07,UTI002,64.0,64.9,11424,72.8,79.0
2026-02-07,UTI003,93.3,75.0,95847,64.4,12.1
2026-02-07,UTI004,78.5,27.4,16378,67.6,81.2
2026-02-07,UTI005,46.2,69.4,106438,87.5,51.4
2026-02-07,UTI006,86.2,78.6,81202,79.1,14.9
2026-02-07,UTI007,69.4,51.1,115126,64.2,41.5
2026-02-07,UTI008,74.7,46.9,24570,72.5,63.6
2026-02-07,UTI009,41.2,47.1,72841,79.4,25.2
2026-02-07,UTI010,51.1,68.4,182091,62.2,19.9
2026-02-07,UTI011,75.6,29.3,154642,89.7,91.6
2026-02-07,UTI012,93.8,77.3,93763,71.2,91.1
2026-02-07,UTI013,84.3,20.1,183674,93.2,21.2
2026-02-07,UTI014,50.6,63.4,56385,64.3,29.4
2026-02-07,UTI015,53.7,35.2,45595,93.4,79.2
2026-02-07,UTI016,94.9,42.6,57304,63.2,49.4
2026-02-07,UTI017,60.8,46.4,90983,74.1,86.5
2026-02-07,UTI018,45.2,49.4,183954,98.9,91.5
2026-02-07,UTI019,51.4,58.3,18909,75.7,64.5
2026-02-07,UTI020,43.3,31.4,4367,74.2,28.3
2026-02-07,UTI021,41.1,29.3,31384,74.1,76.7
2026-02-07,UTI022,71.6,49.9,44493,91.5,77.0
2026-02-07,UTI023,90.8,53.9,58599,82.6,28.1
2026-02-07,UTI024,80.5,61.8,71233,69.3,32.6
2026-02-07,UTI025,82.8,20.7,32089,76.4,85.7
2026-02-07,UTI026,94.1,39.8,145568,69.8,69.7
2026-02-07,UTI027,53.1,31.2,111899,67.9,25.2
2026-02-07,UTI028,85.7,34.8,38087,77.1,88.6
2026-02-07,UTI029,51.3,50.6,83914,82.9,19.6
2026-02-07,UTI030,83.3,63.5,182180,93.8,14.3
2026-02-07,UTI031,87.3,69.3,151443,87.0,39.3
2026-02-07,UTI032,45.4,61.2,5159,95.8,65.8
2026-02-07,UTI033,86.7,25.1,116249,70.7,55.9
2026-02-07,UTI034,61.0,23.9,28936,94.0,56.7
2026-02-07,UTI035,67.7,50.9,46560,83.1,85.0
2026-02-07,UTI036,94.4,40.0,170224,62.3,14.4
2026-02-08,UTI001,81.1,52.8,120332,96.9,55.6
2026-02-08,UTI002,95.7,73.6,52576,89.6,26.5
2026-02-08,UTI003,62.0,43.5,162526,85.6,15.0
2026-02-08,UTI004,76.8,23.8,156865,67.2,38.1
2026-02-08,UTI005,73.5,56.5,80203,65.8,56.6
2026-02-08,UTI006,74.9,51.1,26326,84.4,56.2
2026-02-08,UTI007,78.2,29.3,171653,98.4,50.9
2026-02-08,UTI008,84.2,19.5,37511,79.6,30.4
2026-02-08,UTI009,70.4,55.5,149298,84.6,45.3
2026-02-08,UTI010,62.7,50.7,3828,93.3,53.9
2026-02-08,UTI011,53.9,77.8,17879,73.7,74.6
2026-02-08,UTI012,80.2,66.7,111475,84.6,54.8
2026-02-08,UTI013,88.6,73.7,90837,89.1,60.4
2026-02-08,UTI014,73.0,71.7,144132,98.6,69.2
2026-02-08,UTI015,95.3,26.5,60702,80.4,34.4
2026-02-08,UTI016,42.3,67.0,24788,65.4,22.5
2026-02-08,UTI017,93.7,35.1,160385,92.7,71.0
2026-02-08,UTI018,95.2,76.9,5883,73.0,84.6
2026-02-08,UTI019,77.1,60.2,34947,83.3,58.9
2026-02-08,UTI020,67.4,41.1,62854,84.1,91.6
2026-02-08,UTI021,92.7,21.7,158729,89.2,39.8
2026-02-08,UTI022,86.1,24.8,72991,71.6,24.5
2026-02-08,UTI023,63.8,32.8,172604,89.4,12.4
2026-02-08,UTI024,77.0,57.1,164730,98.2,54.5
2026-02-08,UTI025,81.7,34.0,24250,95.0,85.2
2026-02-08,UTI026,51.3,47.9,75931,68.9,22.2
2026-02-08,UTI027,64.8,77.2,184419,95.1,50.5
2026-02-08,UTI028,79.7,76.7,131255,80.0,41.1
2026-02-08,UTI029,76.9,58.4,66945,82.3,79.5
2026-02-08,UTI030,73.7,46.0,76946,78.3,56.6
2026-02-08,UTI031,43.3,51.6,88688,91.7,60.1
2026-02-08,UTI032,84.9,51.9,148222,94.0,73.2
2026-02-08,UTI033,74.8,76.0,91255,84.3,15.0
2026-02-08,UTI034,41.9,22.7,74096,63.8,75.1
2026-02-08,UTI035,87.2,69.1,142116,63.6,17.7
2026-02-08,UTI036,84.4,25.1,58826,69.0,66.0
2026-02-09,UTI001,82.8,59.1,181481,96.9,87.2
2026-02-09,UTI002,45.9,68.2,153657,89.6,16.8
2026-02-09,UTI003,93.9,22.0,104621,68.3,51.0
2026-02-09,UTI004,77.8,68.0,78986,84.3,92.2
2026-02-09,UTI005,94.9,18.8,106931,73.6,66.7
2026-02-09,UTI006,84.4,32.9,151770,87.1,33.1
2026-02-09,UTI007,46.9,52.1,130919,92.8,44.8
2026-02-09,UTI008,75.7,45.5,15760,73.9,53.8
2026-02-09,UTI009,69.0,49.3,28965,65.6,45.6
2026-02-09,UTI010,75.8,70.0,30471,73.2,20.8
2026-02-09,UTI011,93.3,42.1,131571,90.6,29.5
2026-02-09,UTI012,84.6,62.0,140460,82.6,79.8
2026-02-09,UTI013,92.2,71.8,108309,81.6,23.8
2026-02-09,UTI014,46.0,77.9,20605,71.6,11.0
2026-02-09,UTI015,46.1,46.5,171153,96.1,29.5
2026-02-09,UTI016,92.5,23.8,135493,71.2,67.0
2026-02-09,UTI017,80.3,47.4,137595,70.5,34.4
2026-02-09,UTI018,87.1,48.5,179532,69.0,55.7
2026-02-09,UTI019,57.0,35.3,120205,64.0,51.5
2026-02-09,UTI020,86.9,69.1,90920,90.0,67.1
2026-02-09,UTI021,80.1,63.5,3481,64.8,35.3
2026-02-09,UTI022,45.3,41.5,156552,92.1,80.5
2026-02-09,UTI023,60.4,42.1,121022,87.1,52.7
2026-02-09,UTI024,41.2,66.7,61362,94.9,66.7
2026-02-09,UTI025,92.8,43.8,179737,91.5,20.9
2026-02-09,UTI026,44.3,44.9,4745,90.3,22.6
2026-02-09,UTI027,48.1,48.1,175556,67.1,93.9
2026-02-09,UTI028,41.8,32.1,52460,95.3,47.0
2026-02-09,UTI029,61.2,32.9,32825,92.5,53.4
2026-02-09,UTI030,60.7,57.6,175751,96.5,78.1
2026-02-09,UTI031,56.9,67.0,140688,66.5,44.4
2026-02-09,UTI032,63.3,28.5,153501,76.1,29.5
2026-02-09,UTI033,48.3,50.1,11372,71.5,21.4
2026-02-09,UTI034,89.7,26.2,162193,74.7,42.4
2026-02-09,UTI035,76.9,57.2,179527,63.1,35.0
2026-02-09,UTI036,52.2,46.5,29019,67.2,93.2
2026-02-10,UTI001,84.1,33.1,96673,98.6,73.7
2026-02-10,UTI002,54.2,72.9,61466,93.7,21.8
2026-02-10,UTI003,45.4,29.7,114409,95.6,34.7
2026-02-10,UTI004,79.5,46.7,142394,81.1,25.7
2026-02-10,UTI005,76.5,20.2,127592,76.0,31.3
2026-02-10,UTI006,56.7,18.2,37196,67.8,79.1
2026-02-10,UTI007,47.1,76.6,20249,95.0,48.6
2026-02-10,UTI008,55.6,33.2,168653,87.9,11.8
2026-02-10,UTI009,90.3,71.3,147834,97.9,56.8
2026-02-10,UTI010,42.5,55.4,28480,93.5,16.4
2026-02-10,UTI011,61.4,59.7,45917,76.3,45.5
2026-02-10,UTI012,50.8,43.7,175480,62.8,88.9
2026-02-10,UTI013,51.8,39.8,68538,67.5,68.5
2026-02-10,UTI014,69.8,28.2,87631,85.8,84.4
2026-02-10,UTI015,89.0,39.5,61889,76.6,35.2
2026-02-10,UTI016,57.9,25.0,121267,72.9,72.7
2026-02-10,UTI017,64.0,52.5,183361,91.0,49.6
2026-02-10,UTI018,57.8,60.4,124128,95.0,78.1
2026-02-10,UTI019,82.0,27.8,144652,89.2,51.3
2026-02-10,UTI020,42.7,39.6,43199,85.6,47.2
2026-02-10,UTI021,79.7,57.7,88606,69.3,71.4
2026-02-10,UTI022,65.0,21.8,76692,63.3,61.6
2026-02-10,UTI023,85.9,45.7,22906,65.6,70.1
2026-02-10,UTI024,57.2,78.2,56590,76.1,70.4
2026-02-10,UTI025,85.6,58.1,18775,63.0,75.4
2026-02-10,UTI026,54.3,18.6,115592,86.7,50.9
2026-02-10,UTI027,44.0,27.1,53246,66.2,10.6
2026-02-10,UTI028,94.4,25.2,65297,62.1,91.6
2026-02-10,UTI029,89.1,83.5,43285,92.4,81.7
2026-02-10,UTI030,54.8,18.6,156706,72.1,49.3
2026-02-10,UTI031,43.0,53.6,109964,96.2,60.6
2026-02-10,UTI032,57.2,72.7,44799,68.7,66.2
2026-02-10,UTI033,61.2,33.1,127132,77.9,50.7
2026-02-10,UTI034,47.1,40.9,29834,95.0,43.9
2026-02-10,UTI035,80.7,33.6,147457,96.6,52.9
2026-02-10,UTI036,62.4,52.5,156578,75.7,15.6
2026-02-11,UTI001,69.2,59.4,73652,82.3,24.1
2026-02-11,UTI002,55.1,43.9,40794,70.3,23.7
2026-02-11,UTI003,48.1,69.7,10684,87.7,75.6
2026-02-11,UTI004,55.1,60.4,181398,83.0,61.2
2026-02-11,UTI005,96.6,73.4,62145,97.2,72.6
2026-02-11,UTI006,83.6,49.9,63791,96.8,14.7
2026-02-11,UTI007,62.9,65.5,145348,67.7,47.3
2026-02-11,UTI008,66.3,82.2,3303,66.3,52.3
2026-02-11,UTI009,96.3,66.1,157324,72.3,29.6
2026-02-11,UTI010,72.3,68.2,109591,70.2,65.0
2026-02-11,UTI011,49.4,47.2,142055,87.6,56.8
2026-02-11,UTI012,61.5,40.8,173944,88.8,61.9
2026-02-11,UTI013,91.2,55.7,144555,78.5,46.0
2026-02-11,UTI014,46.6,59.8,48008,90.9,45.0
2026-02-11,UTI015,42.1,49.7,155323,86.0,15.0
2026-02-11,UTI016,55.0,50.2,167045,64.6,39.3
2026-02-11,UTI017,93.7,70.5,174645,98.2,10.0
2026-02-11,UTI018,93.8,65.7,56204,95.3,12.8
2026-02-11,UTI019,79.6,83.5,24891,74.2,29.8
2026-02-11,UTI020,96.2,21.1,39425,85.6,21.5
2026-02-11,UTI021,91.1,64.0,182948,95.2,24.7
2026-02-11,UTI022,89.2,47.7,112534,70.3,21.2
2026-02-11,UTI023,54.9,55.7,132607,85.8,10.6
2026-02-11,UTI024,88.3,19.8,85586,86.8,8.3
2026-02-11,UTI025,64.7,74.2,123738,96.6,35.2
2026-02-11,UTI026,82.9,61.3,15830,75.2,73.2
2026-02-11,UTI027,69.3,63.0,13139,93.9,41.2
2026-02-11,UTI028,43.7,30.1,80282,76.6,88.4
2026-02-11,UTI029,89.8,28.6,175430,69.5,63.8
2026-02-11,UTI030,46.4,76.3,173454,80.3,92.5
2026-02-11,UTI031,89.0,38.4,125783,69.5,71.7
2026-02-11,UTI032,81.2,25.3,115673,95.2,48.5
2026-02-11,UTI033,59.3,67.5,117996,84.0,48.3
2026-02-11,UTI034,89.9,32.5,149616,85.4,54.6
2026-02-11,UTI035,50.1,61.2,149235,67.7,79.4
2026-02-11,UTI036,55.5,22.2,139091,72.7,42.4
2026-02-12,UTI001,73.9,28.6,60945,81.9,12.9
2026-02-12,UTI002,47.4,74.1,72083,65.8,18.0
2026-02-12,UTI003,94.7,79.8,30971,91.5,67.9
2026-02-12,UTI004,93.1,68.3,106416,64.2,47.1
2026-02-12,UTI005,44.0,53.8,166029,96.2,37.3
2026-02-12,UTI006,83.3,63.2,148379,79.6,71.6
2026-02-12,UTI007,60.5,61.2,175917,81.4,65.4
2026-02-12,UTI008,70.5,64.6,147087,89.9,69.6
2026-02-12,UTI009,88.2,71.0,169042,71.5,24.3
2026-02-12,UTI010,48.9,66.2,183603,63.6,66.3
2026-02-12,UTI011,42.8,74.6,136062,95.7,48.7
2026-02-12,UTI012,78.7,67.9,182544,75.5,79.4
2026-02-12,UTI013,74.8,78.1,100460,76.2,62.9
2026-02-12,UTI014,68.3,23.2,121764,79.1,50.2
2026-02-12,UTI015,42.0,36.7,154876,85.7,85.2
2026-02-12,UTI016,53.1,18.2,134540,65.4,37.7
2026-02-12,UTI017,89.2,71.7,169702,76.1,56.0
2026-02-12,UTI018,55.1,61.4,113553,72.3,28.6
2026-02-12,UTI019,85.9,45.7,73401,89.0,59.3
2026-02-12,UTI020,70.6,30.2,73501,73.9,74.4
2026-02-12,UTI021,89.0,61.7,21967,77.3,53.6
2026-02-12,UTI022,95.6,27.0,124862,75.9,11.6
2026-02-12,UTI023,66.5,72.2,43469,80.0,90.9
2026-02-12,UTI024,91.7,30.2,69383,63.0,23.5
2026-02-12,UTI025,45.2,38.7,4004,85.6,89.4
2026-02-12,UTI026,57.6,59.6,62167,83.3,43.5
2026-02-12,UTI027,82.1,36.2,28120,95.0,27.1
2026-02-12,UTI028,51.3,40.2,102803,96.4,43.3
2026-02-12,UTI029,56.5,36.8,159385,81.2,59.2
2026-02-12,UTI030,45.6,22.9,154274,97.4,18.5
2026-02-12,UTI031,96.6,58.6,61473,76.5,14.6
2026-02-12,UTI032,72.9,58.1,73688,64.5,28.8
2026-02-12,UTI033,53.9,61.3,47645,64.5,30.2
2026-02-12,UTI034,91.2,47.2,93364,84.8,50.6
2026-02-12,UTI035,77.1,37.4,171721,72.2,61.3
2026-02-12,UTI036,85.7,76.0,173633,88.1,13.9
2026-02-13,UTI001,92.4,55.5,145843,95.6,14.1
2026-02-13,UTI002,42.8,28.8,64022,95.7,40.1
2026-02-13,UTI003,77.7,19.3,15898,65.9,38.5
2026-02-13,UTI004,72.6,74.2,101992,86.7,89.0
2026-02-13,UTI005,78.8,39.7,140913,68.8,66.1
2026-02-13,UTI006,66.9,45.3,56386,78.3,24.0
2026-02-13,UTI007,91.1,20.8,152907,94.9,48.5
2026-02-13,UTI008,86.5,42.3,48302,81.3,11.7
2026-02-13,UTI009,73.9,36.5,92566,87.0,43.9
2026-02-13,UTI010,76.4,26.5,134114,72.2,80.1
2026-02-13,UTI011,75.8,78.5,148639,97.6,75.8
2026-02-13,UTI012,94.4,26.1,180674,70.7,85.6
2026-02-13,UTI013,45.9,78.3,49905,87.9,18.7
2026-02-13,UTI014,63.1,80.0,160088,69.8,39.0
2026-02-13,UTI015,66.7,72.3,111268,91.0,92.3
2026-02-13,UTI016,67.8,22.0,5540,70.5,91.4
2026-02-13,UTI017,73.3,78.6,162717,83.4,24.9
2026-02-13,UTI018,79.8,41.0,93363,64.3,53.5
2026-02-13,UTI019,63.5,69.2,26185,65.1,93.8
2026-02-13,UTI020,68.4,82.2,109182,95.7,37.2
2026-02-13,UTI021,71.0,25.8,76599,92.8,13.6
2026-02-13,UTI022,51.3,74.5,184679,71.4,86.2
2026-02-13,UTI023,90.5,36.5,99412,64.5,76.8
2026-02-13,UTI024,88.5,20.5,43655,66.9,70.7
2026-02-13,UTI025,67.8,51.8,110892,74.7,30.1
2026-02-13,UTI026,71.3,75.7,77243,70.6,10.8
2026-02-13,UTI027,93.0,37.7,51383,86.5,78.5
2026-02-13,UTI028,53.2,40.7,88709,68.9,9.3
2026-02-13,UTI029,79.7,74.4,168972,67.2,58.3
2026-02-13,UTI030,80.8,58.0,78904,78.9,62.8
2026-02-13,UTI031,91.6,55.4,111945,97.0,74.0
2026-02-13,UTI032,56.9,61.0,11132,70.9,88.2
2026-02-13,UTI033,66.3,50.4,70668,82.8,28.8
2026-02-13,UTI034,69.8,35.1,40010,98.5,25.6
2026-02-13,UTI035,61.1,58.5,101236,72.8,68.0
2026-02-13,UTI036,70.9,77.5,79920,74.5,71.8
2026-02-14,UTI001,70.0,44.3,95972,97.2,77.1
2026-02-14,UTI002,68.5,33.6,110693,97.0,27.4
2026-02-14,UTI003,41.6,22.3,171710,93.4,46.8
2026-02-14,UTI004,80.7,35.5,115086,75.5,90.3
2026-02-14,UTI005,82.4,59.1,25396,67.0,42.5
2026-02-14,UTI006,71.5,31.7,2662,75.0,85.8
2026-02-14,UTI007,88.9,20.1,53969,75.9,84.1
2026-02-14,UTI008,87.7,64.1,88128,85.7,47.3
2026-02-14,UTI009,52.9,57.4,137740,74.3,59.5
2026-02-14,UTI010,47.3,30.3,21642,65.6,30.3
2026-02-14,UTI011,88.2,63.7,106865,84.3,52.2
2026-02-14,UTI012,50.3,39.8,158759,98.6,55.7
2026-02-14,UTI013,68.8,83.9,160646,72.3,69.6
2026-02-14,UTI014,86.9,19.2,37554,65.6,77.5
2026-02-14,UTI015,93.9,42.8,6932,83.4,48.1
2026-02-14,UTI016,84.0,27.6,93520,78.4,82.0
2026-02-14,UTI017,66.0,27.6,92676,85.7,62.7
2026-02-14,UTI018,77.7,77.7,116556,93.3,35.0
2026-02-14,UTI019,49.4,66.7,118017,87.7,84.3
2026-02-14,UTI020,52.9,68.1,72879,98.9,9.2
2026-02-14,UTI021,40.4,24.2,83105,65.7,37.3
2026-02-14,UTI022,67.3,75.0,172862,96.9,31.4
2026-02-14,UTI023,91.9,74.4,2160,75.6,24.0
2026-02-14,UTI024,42.8,37.3,176037,62.4,60.2
2026-02-14,UTI025,92.0,79.0,82163,84.8,69.5
2026-02-14,UTI026,46.9,36.0,74437,73.4,17.1
2026-02-14,UTI027,95.8,37.4,120205,82.5,73.2
2026-02-14,UTI028,77.3,58.2,92053,68.5,84.4
2026-02-14,UTI029,44.0,76.8,20319,89.3,38.6
2026-02-14,UTI030,63.1,74.9,33699,66.1,31.2
2026-02-14,UTI031,89.2,52.6,175581,83.5,15.6
2026-02-14,UTI032,83.5,46.2,102094,69.4,13.8
2026-02-14,UTI033,51.6,44.7,38536,64.0,45.0
2026-02-14,UTI034,43.3,73.2,60923,88.9,68.8
2026-02-14,UTI035,52.7,32.6,58135,97.0,39.2
2026-02-14,UTI036,92.9,23.9,26627,82.4,33.3
2026-02-15,UTI001,89.0,21.5,154091,63.8,79.3
2026-02-15,UTI002,43.8,82.2,51876,67.7,40.9
2026-02-15,UTI003,78.8,37.0,47471,65.7,92.0
2026-02-15,UTI004,58.5,82.7,21965,97.5,64.3
2026-02-15,UTI005,42.5,24.6,74701,63.1,19.8
2026-02-15,UTI006,49.5,75.1,111778,88.9,78.3
2026-02-15,UTI007,60.4,64.1,95457,76.0,60.0
2026-02-15,UTI008,46.3,76.0,11582,81.5,72.7
2026-02-15,UTI009,95.8,29.6,102725,94.1,24.7
2026-02-15,UTI010,62.8,64.3,30718,66.5,81.8
2026-02-15,UTI011,81.7,48.8,68565,82.0,66.4
2026-02-15,UTI012,93.0,67.4,79402,84.6,68.4
2026-02-15,UTI013,82.7,25.0,86608,87.7,28.7
2026-02-15,UTI014,95.0,31.4,169029,94.4,17.0
2026-02-15,UTI015,83.8,39.5,128505,84.9,48.8
2026-02-15,UTI016,62.1,67.1,167686,93.3,61.1
2026-02-15,UTI017,90.0,23.9,17721,93.2,89.0
2026-02-15,UTI018,84.8,58.9,11329,63.1,70.6
2026-02-15,UTI019,64.5,80.4,109015,63.6,19.0
2026-02-15,UTI020,74.5,46.2,32715,98.1,87.0
2026-02-15,UTI021,43.1,62.6,54169,85.3,75.5
2026-02-15,UTI022,70.9,80.3,36958,82.5,60.0
2026-02-15,UTI023,94.7,69.7,90074,70.7,32.8
2026-02-15,UTI024,47.4,50.1,90898,75.0,11.8
2026-02-15,UTI025,72.9,33.3,180522,91.8,61.3
2026-02-15,UTI026,43.9,63.6,142702,86.1,93.2
2026-02-15,UTI027,74.0,74.6,19794,66.1,29.6
2026-02-15,UTI028,86.7,47.9,169700,72.4,41.4
2026-02-15,UTI029,53.7,75.9,124632,89.8,39.5
2026-02-15,UTI030,60.7,79.1,173937,67.8,23.7
2026-02-15,UTI031,73.2,22.5,127257,70.3,71.2
2026-02-15,UTI032,70.0,30.5,2019,83.0,54.3
2026-02-15,UTI033,79.8,22.7,15307,88.9,20.5
2026-02-15,UTI034,76.7,45.3,105287,83.9,81.6
2026-02-15,UTI035,76.2,74.3,68158,80.3,66.7
2026-02-15,UTI036,76.0,29.0,35611,96.0,21.2
2026-02-16,UTI001,72.6,38.1,111993,91.7,38.3
2026-02-16,UTI002,48.1,19.4,22523,83.7,13.2
2026-02-16,UTI003,54.6,36.6,103724,87.5,71.5
2026-02-16,UTI004,85.0,70.0,75790,65.7,12.5
2026-02-16,UTI005,86.0,58.5,181837,70.3,45.7
2026-02-16,UTI006,75.2,69.6,103205,88.8,12.2
2026-02-16,UTI007,69.3,78.4,147952,68.5,31.6
2026-02-16,UTI008,65.0,36.7,103793,98.1,37.4
2026-02-16,UTI009,43.1,74.3,61278,76.3,43.8
2026-02-16,UTI010,83.7,34.5,106590,64.6,42.9
2026-02-16,UTI011,52.2,82.9,75258,83.5,19.1
2026-02-16,UTI012,92.0,80.1,147850,92.6,64.6
2026-02-16,UTI013,44.6,80.6,53953,85.5,38.6
2026-02-16,UTI014,40.2,20.9,127508,94.7,23.6
2026-02-16,UTI015,72.2,67.5,146368,75.9,44.7
2026-02-16,UTI016,54.3,62.4,160152,84.2,82.6
2026-02-16,UTI017,68.0,54.8,45654,83.3,40.7
2026-02-16,UTI018,56.9,64.7,17924,72.7,92.1
2026-02-16,UTI019,83.5,25.0,89737,81.0,19.6
2026-02-16,UTI020,96.3,32.4,165932,96.6,74.3
2026-02-16,UTI021,55.0,75.6,110117,85.9,89.0
2026-02-16,UTI022,40.9,37.3,55298,96.1,23.9
2026-02-16,UTI023,45.9,66.4,184751,86.3,28.4
2026-02-16,UTI024,71.8,48.0,80684,68.7,67.1
2026-02-16,UTI025,89.3,50.4,112401,64.5,40.1
2026-02-16,UTI026,41.1,37.5,169858,92.2,80.5
2026-02-16,UTI027,71.0,46.6,44365,85.1,66.2
2026-02-16,UTI028,45.4,58.6,102916,88.9,89.0
2026-02-16,UTI029,95.1,55.7,76011,80.3,93.9
2026-02-16,UTI030,62.3,73.9,35090,63.5,76.9
2026-02-16,UTI031,87.7,45.4,183860,64.3,46.5
2026-02-16,UTI032,81.9,45.2,70855,74.1,62.1
2026-02-16,UTI033,41.6,66.2,11338,96.4,34.4
2026-02-16,UTI034,72.6,36.3,173165,94.0,21.2
2026-02-16,UTI035,75.2,60.7,149758,80.8,49.3
2026-02-16,UTI036,82.4,41.0,64531,72.6,26.1
2026-02-17,UTI001,54.4,42.0,147178,89.3,90.6
2026-02-17,UTI002,85.7,48.9,59222,78.7,20.1
2026-02-17,UTI003,46.5,57.4,35975,74.2,26.5
2026-02-17,UTI004,41.7,64.6,183623,86.9,74.2
2026-02-17,UTI005,79.9,43.1,171285,94.2,64.1
2026-02-17,UTI006,46.7,59.5,62993,75.2,92.1
2026-02-17,UTI007,60.0,78.9,168872,70.0,93.8
2026-02-17,UTI008,91.0,18.0,42109,96.0,9.9
2026-02-17,UTI009,71.3,51.4,162124,82.6,14.9
2026-02-17,UTI010,57.7,42.2,5723,74.9,34.1
2026-02-17,UTI011,95.5,81.7,17453,68.7,67.7
2026-02-17,UTI012,45.3,78.2,32116,79.8,41.2
2026-02-17,UTI013,85.0,61.6,77391,66.2,54.5
2026-02-17,UTI014,73.9,32.8,163256,73.2,26.0
2026-02-17,UTI015,47.3,24.6,178793,73.4,21.0
2026-02-17,UTI016,69.5,80.6,43182,77.6,68.9
2026-02-17,UTI017,89.3,22.1,23457,86.2,88.4
2026-02-17,UTI018,91.3,20.8,149629,69.3,12.9
2026-02-17,UTI019,96.6,37.0,159338,85.6,44.6
2026-02-17,UTI020,45.4,42.2,162558,64.7,48.0
2026-02-17,UTI021,40.6,21.8,94898,91.4,22.4
2026-02-17,UTI022,41.1,71.8,138073,79.9,52.9
2026-02-17,UTI023,89.5,45.0,107362,97.8,83.1
2026-02-17,UTI024,81.9,25.7,50336,68.2,52.9
2026-02-17,UTI025,58.6,73.3,84683,87.6,28.6
2026-02-17,UTI026,43.2,78.6,128540,73.7,58.2
2026-02-17,UTI027,95.7,29.7,41616,78.3,54.8
2026-02-17,UTI028,61.6,72.2,141048,64.5,74.5
2026-02-17,UTI029,87.4,53.4,144165,97.4,52.5
2026-02-17,UTI030,88.9,73.0,161458,78.8,42.4
2026-02-17,UTI031,59.9,68.4,59863,69.3,48.6
2026-02-17,UTI032,69.5,21.3,174714,98.9,29.2
2026-02-17,UTI033,41.4,42.6,37057,73.7,91.7
2026-02-17,UTI034,64.3,70.8,26441,91.5,32.6
2026-02-17,UTI035,64.8,44.8,110327,80.4,76.4
2026-02-17,UTI036,80.0,45.8,132583,77.5,50.5
2026-02-18,UTI001,81.2,72.0,173339,64.8,41.7
2026-02-18,UTI002,66.1,83.7,174857,94.1,27.4
2026-02-18,UTI003,60.1,58.7,153354,63.6,77.4
2026-02-18,UTI004,93.7,36.4,88162,96.1,38.9
2026-02-18,UTI005,49.8,83.6,143671,88.3,78.4
2026-02-18,UTI006,69.8,27.7,94963,88.8,64.3
2026-02-18,UTI007,90.4,70.8,120718,77.7,39.3
2026-02-18,UTI008,40.6,82.4,109940,72.8,44.6
2026-02-18,UTI009,81.2,65.2,47070,68.5,73.5
2026-02-18,UTI010,70.6,66.5,163738,65.3,44.7
2026-02-18,UTI011,75.8,42.3,41852,96.1,31.2
2026-02-18,UTI012,40.9,19.0,115639,85.6,73.3
2026-02-18,UTI013,72.4,80.1,57605,89.6,86.7
2026-02-18,UTI014,69.0,27.5,28097,87.9,25.5
2026-02-18,UTI015,94.6,62.5,19256,66.3,52.9
2026-02-18,UTI016,86.2,55.6,173193,88.6,71.3
2026-02-18,UTI017,57.8,53.0,133688,80.2,44.0
2026-02-18,UTI018,82.8,46.6,170830,67.2,67.6
2026-02-18,UTI019,76.8,41.1,147559,98.1,58.6
2026-02-18,UTI020,43.6,28.2,140662,93.9,13.3
2026-02-18,UTI021,62.3,54.0,170517,86.9,87.2
2026-02-18,UTI022,41.4,57.5,171957,87.8,47.5
2026-02-18,UTI023,58.8,74.7,150080,77.3,14.4
2026-02-18,UTI024,44.2,48.1,147902,65.9,33.2
2026-02-18,UTI025,74.6,52.8,26021,87.7,90.0
2026-02-18,UTI026,57.0,49.0,46015,97.4,29.3
2026-02-18,UTI027,50.5,42.4,18156,80.7,45.6
2026-02-18,UTI028,77.9,56.8,171008,79.5,46.6
2026-02-18,UTI029,56.6,49.2,178894,75.9,41.9
2026-02-18,UTI030,45.5,60.7,89598,70.0,10.0
2026-02-18,UTI031,65.9,34.8,53114,91.8,62.7
2026-02-18,UTI032,80.9,37.2,110728,81.0,54.4
2026-02-18,UTI033,89.0,47.3,159061,87.4,10.5
2026-02-18,UTI034,75.2,23.8,32060,96.8,24.5
2026-02-18,UTI035,81.5,71.1,38925,79.6,81.7
2026-02-18,UTI036,50.2,73.0,183070,79.4,15.2
2026-02-19,UTI001,85.1,20.0,180743,69.6,49.0
2026-02-19,UTI002,45.6,35.9,160077,90.1,67.0
2026-02-19,UTI003,46.2,82.7,67422,69.5,68.7
2026-02-19,UTI004,76.7,61.1,10518,91.0,89.6
2026-02-19,UTI005,55.2,24.2,95691,97.2,92.9
2026-02-19,UTI006,46.6,21.7,171013,93.4,85.0
2026-02-19,UTI007,77.6,36.4,87737,64.1,50.9
2026-02-19,UTI008,85.7,81.8,160855,89.1,16.1
2026-02-19,UTI009,41.0,53.5,89138,75.1,85.4
2026-02-19,UTI010,84.0,59.4,166167,84.4,60.5
2026-02-19,UTI011,83.5,22.0,60616,91.2,56.4
2026-02-19,UTI012,60.1,77.5,33626,78.6,10.8
2026-02-19,UTI013,46.3,18.4,75651,79.5,72.4
2026-02-19,UTI014,96.3,29.4,180040,98.2,48.3
2026-02-19,UTI015,56.7,76.2,79285,71.4,65.1
2026-02-19,UTI016,52.1,76.4,146434,84.3,17.4
2026-02-19,UTI017,81.7,68.0,110617,91.9,33.9
2026-02-19,UTI018,58.5,30.4,183522,95.6,57.6
2026-02-19,UTI019,82.4,63.7,47516,95.5,91.3
2026-02-19,UTI020,45.3,39.7,64694,79.7,86.2
2026-02-19,UTI021,50.5,27.4,148560,70.0,11.2
2026-02-19,UTI022,44.5,54.0,163112,86.6,32.3
2026-02-19,UTI023,79.2,81.6,16967,83.5,22.8
2026-02-19,UTI024,83.6,74.8,118649,72.4,39.6
2026-02-19,UTI025,78.0,43.7,90022,93.7,80.5
2026-02-19,UTI026,72.2,64.3,107290,66.1,32.8
2026-02-19,UTI027,52.9,22.4,133254,62.8,67.0
2026-02-19,UTI028,74.5,59.4,74873,92.6,46.0
2026-02-19,UTI029,71.3,62.3,5386,67.8,86.6
2026-02-19,UTI030,86.6,65.4,143345,66.0,56.1
2026-02-19,UTI031,57.3,50.6,102015,92.3,10.7
2026-02-19,UTI032,54.1,46.0,66459,63.1,40.4
2026-02-19,UTI033,51.3,59.3,103401,68.3,21.9
2026-02-19,UTI034,47.6,81.0,14579,86.4,71.8
2026-02-19,UTI035,42.1,67.4,147235,90.3,77.7
2026-02-19,UTI036,63.0,62.9,155108,91.1,88.5
2026-02-20,UTI001,74.3,71.4,57966,95.3,61.2
2026-02-20,UTI002,52.0,56.8,64791,79.7,9.9
2026-02-20,UTI003,65.7,81.9,167084,91.6,87.7
2026-02-20,UTI004,51.7,54.5,73745,69.1,20.6
2026-02-20,UTI005,57.5,69.0,100548,77.4,60.7
2026-02-20,UTI006,83.5,41.3,80369,63.6,64.4
2026-02-20,UTI007,54.6,59.4,67144,98.9,86.3
2026-02-20,UTI008,75.9,61.2,11254,68.5,42.3
2026-02-20,UTI009,65.5,65.3,102576,92.9,71.0
2026-02-20,UTI010,91.1,27.1,80477,76.1,59.9
2026-02-20,UTI011,71.8,76.7,83077,73.1,52.7
2026-02-20,UTI012,87.4,29.3,49160,62.6,92.3
2026-02-20,UTI013,89.2,79.4,62801,79.8,80.1
2026-02-20,UTI014,75.6,39.1,46878,66.8,91.6
2026-02-20,UTI015,76.8,46.3,133802,98.1,92.6
2026-02-20,UTI016,67.3,44.7,119461,73.4,39.0
2026-02-20,UTI017,73.7,48.6,147553,94.0,63.7
2026-02-20,UTI018,55.6,83.6,27488,83.8,27.9
2026-02-20,UTI019,54.2,71.8,40037,97.4,55.6
2026-02-20,UTI020,63.0,81.8,17032,73.5,78.8
2026-02-20,UTI021,52.8,66.8,126488,69.9,63.4
2026-02-20,UTI022,81.3,50.3,78375,92.9,42.5
2026-02-20,UTI023,90.7,69.7,107278,82.7,27.3
2026-02-20,UTI024,49.2,31.1,144998,91.9,30.1
2026-02-20,UTI025,93.4,21.6,107363,88.3,37.9
2026-02-20,UTI026,78.2,69.7,104317,66.3,64.3
2026-02-20,UTI027,53.9,81.0,152472,71.7,75.7
2026-02-20,UTI028,57.2,52.1,53314,94.7,24.1
2026-02-20,UTI029,48.2,30.0,122419,89.7,24.0
2026-02-20,UTI030,61.1,66.8,70242,65.0,12.5
2026-02-20,UTI031,76.2,74.9,45842,80.1,59.8
2026-02-20,UTI032,66.2,67.6,120529,69.8,41.0
2026-02-20,UTI033,46.1,51.9,11922,89.6,51.6
2026-02-20,UTI034,73.8,37.9,2442,83.8,38.4
2026-02-20,UTI035,43.2,40.0,121941,85.4,70.0
2026-02-20,UTI036,72.8,65.9,49785,92.3,61.3
2026-02-21,UTI001,96.1,48.2,180234,76.8,49.1
2026-02-21,UTI002,79.5,18.6,160293,65.6,17.4
2026-02-21,UTI003,60.5,56.0,42976,88.7,30.2
2026-02-21,UTI004,86.9,55.5,170237,76.4,42.3
2026-02-21,UTI005,43.8,20.6,181569,77.6,85.3
2026-02-21,UTI006,42.1,51.8,156176,97.0,50.5
2026-02-21,UTI007,69.3,52.9,56087,80.8,21.2
2026-02-21,UTI008,44.7,56.3,39306,82.7,72.6
2026-02-21,UTI009,55.1,78.2,15999,65.7,25.0
2026-02-21,UTI010,53.4,80.5,60733,98.9,57.4
2026-02-21,UTI011,42.5,39.9,21629,92.7,68.8
2026-02-21,UTI012,42.0,57.7,62206,91.3,42.4
2026-02-21,UTI013,43.5,32.4,85281,71.3,17.5
2026-02-21,UTI014,88.7,39.9,164347,77.9,90.8
2026-02-21,UTI015,45.0,81.1,62521,82.5,54.4
2026-02-21,UTI016,50.7,32.0,166116,91.2,85.3
2026-02-21,UTI017,68.0,19.9,17449,77.2,78.8
2026-02-21,UTI018,74.5,41.9,141975,87.8,14.6
2026-02-21,UTI019,77.3,41.8,135330,79.4,81.5
2026-02-21,UTI020,65.3,32.8,54645,80.2,55.7
2026-02-21,UTI021,89.6,37.1,95750,74.4,58.3
2026-02-21,UTI022,50.1,34.5,63043,95.5,46.1
2026-02-21,UTI023,42.0,65.7,83151,95.1,22.0
2026-02-21,UTI024,40.8,36.2,117984,67.6,27.4
2026-02-21,UTI025,58.5,50.4,96483,65.8,13.6
2026-02-21,UTI026,50.6,50.9,54705,67.1,72.0
2026-02-21,UTI027,65.6,57.2,127340,95.5,79.4
2026-02-21,UTI028,82.9,51.9,104763,63.6,34.0
2026-02-21,UTI029,61.1,51.0,95696,79.8,90.6
2026-02-21,UTI030,92.8,67.7,52599,79.9,57.8
2026-02-21,UTI031,60.4,20.8,152168,77.5,18.7
2026-02-21,UTI032,55.5,60.1,35418,89.9,49.1
2026-02-21,UTI033,42.9,37.4,156113,72.3,61.5
2026-02-21,UTI034,91.9,25.3,19791,91.8,19.0
2026-02-21,UTI035,44.5,25.9,29462,83.7,61.7
2026-02-21,UTI036,61.2,73.6,5097,68.0,17.5
2026-02-22,UTI001,63.9,50.4,65044,93.8,70.7
2026-02-22,UTI002,60.3,54.5,144436,79.4,23.1
2026-02-22,UTI003,72.1,32.5,161679,67.7,20.3
2026-02-22,UTI004,76.9,42.9,149905,80.8,31.3
2026-02-22,UTI005,60.5,79.8,156655,64.9,29.0
2026-02-22,UTI006,46.0,41.5,22854,84.2,25.4
2026-02-22,UTI007,69.7,30.1,2100,92.1,55.5
2026-02-22,UTI008,59.1,70.4,80891,69.6,76.6
2026-02-22,UTI009,41.8,68.5,84139,70.9,26.1
2026-02-22,UTI010,78.5,60.7,94150,84.3,49.6
2026-02-22,UTI011,54.2,30.3,50986,87.6,21.8
2026-02-22,UTI012,82.0,24.7,67222,71.8,89.0
2026-02-22,UTI013,65.1,61.2,147576,96.6,17.5
2026-02-22,UTI014,61.6,50.9,27876,97.8,44.1
2026-02-22,UTI015,86.4,68.9,48366,78.5,52.1
2026-02-22,UTI016,84.5,42.9,66916,79.8,44.2
2026-02-22,UTI017,91.1,32.2,119420,90.7,79.8
2026-02-22,UTI018,81.9,29.2,170453,85.2,53.6
2026-02-22,UTI019,68.2,57.7,53124,87.5,74.5
2026-02-22,UTI020,72.5,55.9,77383,90.8,91.5
2026-02-22,UTI021,62.6,66.4,81793,77.1,52.4
2026-02-22,UTI022,74.3,46.4,110668,76.4,79.4
2026-02-22,UTI023,74.2,66.4,151837,86.8,14.2
2026-02-22,UTI024,96.3,55.1,10955,74.8,69.9
2026-02-22,UTI025,50.2,64.5,141139,75.2,71.2
2026-02-22,UTI026,83.7,22.7,11956,68.5,53.3
2026-02-22,UTI027,43.9,52.8,82640,77.7,47.6
2026-02-22,UTI028,78.6,61.0,94443,79.1,90.1
2026-02-22,UTI029,94.8,75.8,145210,82.1,83.6
2026-02-22,UTI030,92.1,18.2,145781,67.8,30.5
2026-02-22,UTI031,67.9,50.2,105164,93.4,38.8
2026-02-22,UTI032,96.2,26.3,89521,67.0,18.8
2026-02-22,UTI033,77.2,66.0,23531,81.6,64.5
2026-02-22,UTI034,50.9,57.7,151818,97.1,35.9
2026-02-22,UTI035,64.9,60.7,96628,77.1,63.1
2026-02-22,UTI036,80.9,53.5,73347,98.1,20.7
2026-02-23,UTI001,70.1,59.8,135922,93.4,12.2
2026-02-23,UTI002,87.0,28.6,146074,79.5,56.6
2026-02-23,UTI003,53.7,36.5,128730,77.2,73.5
2026-02-23,UTI004,80.9,71.2,68642,95.4,37.1
2026-02-23,UTI005,48.2,25.5,143433,98.2,23.7
2026-02-23,UTI006,67.7,58.5,164626,69.9,89.2
2026-02-23,UTI007,74.8,22.4,146611,64.7,53.6
2026-02-23,UTI008,79.2,41.0,71833,85.0,57.0
2026-02-23,UTI009,68.8,77.7,91454,91.1,88.7
2026-02-23,UTI010,60.6,77.8,155724,93.6,87.4
2026-02-23,UTI011,82.0,18.3,80954,92.3,47.4
2026-02-23,UTI012,83.4,69.7,58480,97.7,47.3
2026-02-23,UTI013,55.4,71.2,112559,82.5,30.2
2026-02-23,UTI014,47.1,62.1,30738,85.4,22.1
2026-02-23,UTI015,83.7,61.5,121272,81.0,77.8
2026-02-23,UTI016,78.5,82.9,140584,81.9,65.4
2026-02-23,UTI017,95.1,49.8,148860,93.5,47.6
2026-02-23,UTI018,55.8,22.2,63093,93.5,26.5
2026-02-23,UTI019,85.0,56.6,8256,84.1,71.2
2026-02-23,UTI020,76.2,47.8,180212,71.7,66.2
2026-02-23,UTI021,69.8,64.2,40214,95.2,11.8
2026-02-23,UTI022,71.6,81.7,138073,76.0,22.3
2026-02-23,UTI023,81.3,82.8,96041,73.1,19.1
2026-02-23,UTI024,50.3,39.6,41628,89.1,55.0
2026-02-23,UTI025,75.4,63.1,4066,69.5,75.1
2026-02-23,UTI026,58.9,74.5,66240,65.4,46.7
2026-02-23,UTI027,83.0,79.3,19458,77.4,19.5
2026-02-23,UTI028,76.6,52.2,61156,81.9,55.6
2026-02-23,UTI029,75.6,54.0,112870,83.5,14.2
2026-02-23,UTI030,55.5,22.7,104547,83.6,30.1
2026-02-23,UTI031,51.1,68.3,7124,74.3,40.8
2026-02-23,UTI032,40.3,66.5,77390,95.2,73.3
2026-02-23,UTI033,46.0,19.4,168869,93.9,83.9
2026-02-23,UTI034,75.7,38.0,142286,84.7,30.8
2026-02-23,UTI035,93.7,46.7,34246,71.1,42.9
2026-02-23,UTI036,56.1,45.6,173348,73.6,78.6
2026-02-24,UTI001,53.5,77.7,139383,93.9,69.5
2026-02-24,UTI002,92.9,49.5,85164,64.9,62.5
2026-02-24,UTI003,89.8,79.4,115588,91.4,79.9
2026-02-24,UTI004,79.5,74.9,99197,64.2,64.8
2026-02-24,UTI005,72.5,81.2,79176,79.7,46.0
2026-02-24,UTI006,40.2,45.9,169428,81.6,48.8
2026-02-24,UTI007,89.6,22.0,138475,82.8,32.3
2026-02-24,UTI008,53.9,19.5,69164,88.1,74.9
2026-02-24,UTI009,94.1,29.9,161063,97.3,91.4
2026-02-24,UTI010,69.6,80.8,166955,79.4,27.7
2026-02-24,UTI011,58.5,33.0,63091,66.6,12.3
2026-02-24,UTI012,71.2,69.6,176024,63.2,35.8
2026-02-24,UTI013,73.7,64.4,16107,85.8,9.8
2026-02-24,UTI014,69.4,34.6,152005,99.0,67.7
2026-02-24,UTI015,57.1,81.8,80730,85.2,12.6
2026-02-24,UTI016,93.1,63.3,109204,62.5,28.1
2026-02-24,UTI017,74.0,64.5,111396,94.8,55.6
2026-02-24,UTI018,75.6,65.7,50169,80.9,60.3
2026-02-24,UTI019,79.6,42.4,183270,65.1,60.3
2026-02-24,UTI020,51.3,46.2,175498,87.6,9.5
2026-02-24,UTI021,62.4,24.0,61533,90.8,56.6
2026-02-24,UTI022,93.6,62.2,182208,80.8,10.2
2026-02-24,UTI023,46.0,64.3,108530,92.8,90.1
2026-02-24,UTI024,72.9,56.3,87213,68.2,9.8
2026-02-24,UTI025,90.9,76.4,174216,96.5,35.1
2026-02-24,UTI026,80.9,48.2,114906,91.0,88.1
2026-02-24,UTI027,52.7,69.4,122368,94.6,66.0
2026-02-24,UTI028,82.0,40.9,89152,63.5,29.3
2026-02-24,UTI029,61.5,51.5,118476,83.6,27.0
2026-02-24,UTI030,61.6,21.4,138446,79.3,76.0
2026-02-24,UTI031,93.7,82.2,29789,65.2,40.9
2026-02-24,UTI032,91.4,41.7,64859,97.1,13.5
2026-02-24,UTI033,60.6,46.2,8319,82.9,89.7
2026-02-24,UTI034,70.2,22.2,26014,88.7,92.6
2026-02-24,UTI035,72.5,75.5,81921,74.7,37.8
2026-02-24,UTI036,63.9,68.2,2722,66.4,39.1
2026-02-25,UTI001,95.4,76.2,80353,63.6,47.7
2026-02-25,UTI002,91.4,64.9,36361,66.3,37.8
2026-02-25,UTI003,82.1,81.5,163523,72.6,85.8
2026-02-25,UTI004,60.0,26.4,118760,63.6,9.6
2026-02-25,UTI005,73.7,57.4,136142,62.7,11.1
2026-02-25,UTI006,67.8,38.0,5820,95.4,30.0
2026-02-25,UTI007,95.3,77.9,103489,68.1,80.0
2026-02-25,UTI008,92.4,80.5,77902,87.7,69.5
2026-02-25,UTI009,84.9,67.4,149072,62.2,53.3
2026-02-25,UTI010,54.6,29.8,116493,89.8,90.1
2026-02-25,UTI011,96.2,32.2,149406,93.4,15.7
2026-02-25,UTI012,90.0,65.7,98963,95.3,47.9
2026-02-25,UTI013,85.6,55.6,183674,76.1,40.8
2026-02-25,UTI014,51.7,31.8,11527,87.4,16.7
2026-02-25,UTI015,50.0,45.8,143437,69.8,47.2
2026-02-25,UTI016,48.5,79.0,179145,91.1,42.1
2026-02-25,UTI017,45.1,42.1,19574,73.5,23.0
2026-02-25,UTI018,77.3,36.1,118989,71.4,68.8
2026-02-25,UTI019,89.1,23.5,12980,72.3,21.4
2026-02-25,UTI020,56.9,38.9,131663,77.2,65.2
2026-02-25,UTI021,80.9,72.4,17234,71.7,66.4
2026-02-25,UTI022,42.2,39.9,114847,67.8,89.4
2026-02-25,UTI023,53.4,30.1,21774,95.1,43.1
2026-02-25,UTI024,77.3,48.0,61512,62.0,52.8
2026-02-25,UTI025,73.2,76.8,45235,80.1,72.0
2026-02-25,UTI026,74.1,18.3,126973,96.5,53.0
2026-02-25,UTI027,48.0,66.8,5713,93.0,44.1
2026-02-25,UTI028,51.9,38.7,34189,76.7,85.1
2026-02-25,UTI029,83.5,58.0,113088,62.9,49.4
2026-02-25,UTI030,80.5,69.5,68691,75.3,56.4
2026-02-25,UTI031,43.4,67.4,161028,84.1,43.2
2026-02-25,UTI032,71.4,42.1,119578,86.5,15.4
2026-02-25,UTI033,68.4,60.0,170504,63.0,54.4
2026-02-25,UTI034,85.0,35.4,47358,87.5,26.0
2026-02-25,UTI035,93.9,67.0,135903,71.4,56.9
2026-02-25,UTI036,66.9,56.4,23823,95.3,36.0
2026-02-26,UTI001,71.8,48.1,60718,83.0,49.1
2026-02-26,UTI002,96.0,23.5,76113,94.8,43.4
2026-02-26,UTI003,87.3,55.3,183984,68.5,16.9
2026-02-26,UTI004,42.3,28.7,132580,90.7,40.9
2026-02-26,UTI005,41.0,42.0,111602,68.5,51.6
2026-02-26,UTI006,44.8,41.6,110706,80.0,57.3
2026-02-26,UTI007,56.2,30.1,123243,80.0,71.2
2026-02-26,UTI008,53.6,82.4,155683,73.0,47.2
2026-02-26,UTI009,81.8,70.6,146147,87.8,16.4
2026-02-26,UTI010,63.3,75.3,13493,89.3,11.3
2026-02-26,UTI011,50.9,59.4,133466,80.6,34.4
2026-02-26,UTI012,67.3,83.0,36220,91.4,92.0
2026-02-26,UTI013,95.7,61.4,52468,75.1,29.5
2026-02-26,UTI014,70.1,39.4,8549,66.8,60.3
2026-02-26,UTI015,63.4,42.3,143420,83.5,42.0
2026-02-26,UTI016,72.7,30.7,138442,70.4,20.4
2026-02-26,UTI017,43.5,56.4,152903,62.7,43.5
2026-02-26,UTI018,47.8,40.9,39178,81.0,54.4
2026-02-26,UTI019,55.7,65.5,100567,65.9,12.4
2026-02-26,UTI020,40.9,73.7,156314,69.2,29.7
2026-02-26,UTI021,92.0,42.0,23952,64.9,36.7
2026-02-26,UTI022,64.8,23.8,148950,75.4,71.4
2026-02-26,UTI023,40.6,24.1,164381,82.3,14.2
2026-02-26,UTI024,74.4,78.9,77513,74.0,22.5
2026-02-26,UTI025,91.0,18.5,143844,78.1,38.8
2026-02-26,UTI026,84.6,58.0,22773,96.1,15.3
2026-02-26,UTI027,70.2,30.7,93337,92.5,46.3
2026-02-26,UTI028,84.8,30.9,171500,94.5,51.7
2026-02-26,UTI029,62.6,22.8,164663,80.1,87.0
2026-02-26,UTI030,70.9,44.5,83914,72.2,18.2
2026-02-26,UTI031,50.0,47.9,72635,75.1,81.0
2026-02-26,UTI032,54.7,39.4,130469,90.6,39.2
2026-02-26,UTI033,92.1,37.5,109427,68.6,31.3
2026-02-26,UTI034,60.0,66.3,176677,83.8,51.5
2026-02-26,UTI035,60.6,39.6,145910,83.6,38.3
2026-02-26,UTI036,78.6,71.8,102583,75.5,62.3
2026-02-27,UTI001,80.1,63.1,31460,77.0,67.8
2026-02-27,UTI002,52.7,59.4,154256,63.2,9.4
2026-02-27,UTI003,51.8,33.5,40012,95.8,68.8
2026-02-27,UTI004,71.4,71.2,173921,86.4,35.1
2026-02-27,UTI005,51.3,52.4,131229,77.4,70.7
2026-02-27,UTI006,53.9,65.7,141875,68.8,89.8
2026-02-27,UTI007,73.6,34.5,118492,68.5,83.1
2026-02-27,UTI008,76.6,83.0,30938,92.3,35.6
2026-02-27,UTI009,84.3,19.1,74004,98.1,20.0
2026-02-27,UTI010,83.3,38.2,123116,95.0,27.9
2026-02-27,UTI011,53.0,75.0,31676,69.6,64.9
2026-02-27,UTI012,65.3,25.9,31449,67.5,62.0
2026-02-27,UTI013,73.8,52.1,144714,77.3,69.4
2026-02-27,UTI014,57.4,33.1,8774,94.1,58.9
2026-02-27,UTI015,80.7,44.5,104188,67.0,63.6
2026-02-27,UTI016,73.7,84.0,11564,94.5,83.8
2026-02-27,UTI017,69.3,51.4,143745,93.9,14.5
2026-02-27,UTI018,79.0,54.6,110918,82.8,59.0
2026-02-27,UTI019,74.5,78.0,104173,77.1,70.0
2026-02-27,UTI020,54.4,69.1,79371,79.6,71.6
2026-02-27,UTI021,63.6,73.6,34058,71.9,15.0
2026-02-27,UTI022,94.0,24.9,158697,63.2,42.4
2026-02-27,UTI023,96.8,57.1,160291,87.4,90.4
2026-02-27,UTI024,87.8,82.6,180784,72.8,57.3
2026-02-27,UTI025,60.5,79.5,166976,62.4,55.3
2026-02-27,UTI026,50.2,36.1,167789,93.8,52.9
2026-02-27,UTI027,50.6,28.4,27948,66.5,63.9
2026-02-27,UTI028,75.9,67.4,31976,89.4,34.6
2026-02-27,UTI029,64.6,70.6,59016,69.3,37.2
2026-02-27,UTI030,58.8,68.7,109215,75.7,93.1
2026-02-27,UTI031,60.1,57.2,96812,88.3,65.5
2026-02-27,UTI032,46.2,83.4,142597,76.0,54.0
2026-02-27,UTI033,52.2,33.4,50720,97.8,10.6
2026-02-27,UTI034,70.5,28.4,132220,86.8,63.3
2026-02-27,UTI035,59.9,34.8,66299,85.4,55.7
2026-02-27,UTI036,46.4,53.2,119798,81.3,22.0
2026-02-28,UTI001,51.6,52.3,148245,76.4,72.6
2026-02-28,UTI002,74.5,42.4,27342,71.6,52.0
2026-02-28,UTI003,43.1,38.6,55062,92.7,89.4
2026-02-28,UTI004,46.3,51.1,15277,73.0,29.8
2026-02-28,UTI005,77.6,42.9,103883,90.3,84.9
2026-02-28,UTI006,78.9,53.0,142381,71.2,48.3
2026-02-28,UTI007,89.1,76.9,162783,71.5,31.5
2026-02-28,UTI008,51.9,49.0,80942,72.8,77.3
2026-02-28,UTI009,79.0,26.7,74271,77.8,71.5
2026-02-28,UTI010,52.7,69.8,147372,78.3,61.5
2026-02-28,UTI011,54.4,51.7,44286,80.6,78.4
2026-02-28,UTI012,78.4,25.6,23829,66.7,60.6
2026-02-28,UTI013,67.7,37.0,141644,75.6,30.0
2026-02-28,UTI014,84.4,83.3,151286,91.3,20.5
2026-02-28,UTI015,71.7,56.0,101878,89.5,57.8
2026-02-28,UTI016,44.8,45.3,179062,86.8,50.3
2026-02-28,UTI017,50.1,81.0,143711,71.4,59.9
2026-02-28,UTI018,57.0,45.3,108566,62.8,51.2
2026-02-28,UTI019,57.3,25.1,85144,70.4,53.4
2026-02-28,UTI020,65.1,60.4,103889,89.6,50.1
2026-02-28,UTI021,70.7,73.7,21100,87.4,15.2
2026-02-28,UTI022,88.6,74.4,94606,75.8,30.3
2026-02-28,UTI023,86.6,80.1,93287,89.3,25.2
2026-02-28,UTI024,84.2,64.1,34387,78.8,82.0
2026-02-28,UTI025,73.1,69.5,21145,89.1,56.5
2026-02-28,UTI026,42.8,69.9,44696,91.8,89.8
2026-02-28,UTI027,92.1,19.6,44048,90.3,69.5
2026-02-28,UTI028,47.7,50.1,66671,82.6,87.9
2026-02-28,UTI029,90.1,79.5,142568,67.3,63.7
2026-02-28,UTI030,69.9,47.2,161534,67.1,68.3
2026-02-28,UTI031,90.1,60.3,131098,72.9,64.0
2026-02-28,UTI032,96.1,46.2,30995,80.2,19.6
2026-02-28,UTI033,94.6,32.0,83433,89.1,16.2
2026-02-28,UTI034,56.2,83.2,127829,95.1,53.9
2026-02-28,UTI035,45.2,57.9,74339,79.1,42.1
2026-02-28,UTI036,61.3,38.8,141777,98.7,82.4
2026-03-01,UTI001,54.5,55.4,84521,92.3,30.8
2026-03-01,UTI002,84.3,27.2,69496,93.8,60.1
2026-03-01,UTI003,93.4,70.5,142992,79.9,83.0
2026-03-01,UTI004,65.0,22.1,170746,75.1,83.5
2026-03-01,UTI005,63.0,22.5,174889,91.6,58.9
2026-03-01,UTI006,94.9,77.5,31968,86.0,76.1
2026-03-01,UTI007,92.2,56.9,15526,84.6,74.0
2026-03-01,UTI008,43.6,23.4,65841,93.3,43.7
2026-03-01,UTI009,90.2,22.8,135390,67.0,39.5
2026-03-01,UTI010,85.3,37.9,90721,90.3,37.1
2026-03-01,UTI011,44.0,18.1,13499,62.9,66.8
2026-03-01,UTI012,85.5,40.2,37851,92.0,35.2
2026-03-01,UTI013,54.0,73.2,160097,76.5,36.8
2026-03-01,UTI014,86.6,34.5,148544,96.4,53.2
2026-03-01,UTI015,47.0,61.6,132163,94.9,78.0
2026-03-01,UTI016,59.1,39.2,14635,77.5,70.8
2026-03-01,UTI017,70.5,39.9,43008,66.5,83.3
2026-03-01,UTI018,89.3,80.8,166649,88.1,56.0
2026-03-01,UTI019,96.0,77.2,30907,62.6,13.2
2026-03-01,UTI020,48.0,49.1,57305,67.5,27.6
2026-03-01,UTI021,70.6,31.7,75985,86.6,75.0
2026-03-01,UTI022,41.3,48.4,156949,86.6,18.6
2026-03-01,UTI023,67.8,54.1,77986,93.2,71.0
2026-03-01,UTI024,43.6,70.3,81018,79.4,44.0
2026-03-01,UTI025,95.5,23.6,111302,70.8,84.9
2026-03-01,UTI026,59.3,38.3,41398,85.1,36.4
2026-03-01,UTI027,71.0,38.1,109020,87.5,25.3
2026-03-01,UTI028,96.9,65.0,16757,71.9,41.0
2026-03-01,UTI029,89.9,61.5,66344,92.5,20.6
2026-03-01,UTI030,94.5,40.1,79729,88.8,91.4
2026-03-01,UTI031,42.1,63.1,115695,78.9,22.7
2026-03-01,UTI032,93.3,45.1,130740,98.6,52.2
2026-03-01,UTI033,76.4,37.8,64244,90.1,69.0
2026-03-01,UTI034,77.5,24.7,47879,74.6,35.1
2026-03-01,UTI035,49.1,79.3,165365,72.0,45.2
2026-03-01,UTI036,95.0,29.4,164645,84.3,56.5
2026-03-02,UTI001,70.3,25.0,98798,63.6,36.7
2026-03-02,UTI002,96.6,53.7,158425,66.4,85.6
2026-03-02,UTI003,43.5,47.5,12384,90.0,31.6
2026-03-02,UTI004,44.7,50.8,36091,90.5,10.2
2026-03-02,UTI005,80.0,58.4,73840,88.8,16.9
2026-03-02,UTI006,65.4,66.0,164956,85.8,8.5
2026-03-02,UTI007,93.4,58.0,7051,93.9,85.8
2026-03-02,UTI008,88.8,83.7,121363,94.5,18.8
2026-03-02,UTI009,90.5,58.6,13824,96.9,19.5
2026-03-02,UTI010,61.6,78.0,99657,80.1,71.8
2026-03-02,UTI011,94.4,80.1,7427,80.7,55.4
2026-03-02,UTI012,56.3,41.0,104206,92.1,11.2
2026-03-02,UTI013,63.2,71.4,104981,78.3,92.4
2026-03-02,UTI014,77.0,31.0,93665,87.8,11.3
2026-03-02,UTI015,78.6,27.3,6677,77.3,17.9
2026-03-02,UTI016,65.4,72.1,183496,85.5,19.7
2026-03-02,UTI017,50.1,29.9,89023,85.4,74.3
2026-03-02,UTI018,49.3,53.8,73066,96.1,83.4
2026-03-02,UTI019,88.1,41.4,5611,96.9,54.2
2026-03-02,UTI020,81.4,25.3,51211,81.1,39.9
2026-03-02,UTI021,81.6,43.7,141935,82.8,35.0
2026-03-02,UTI022,83.3,77.8,169276,90.5,56.2
2026-03-02,UTI023,78.3,62.8,3485,89.7,28.3
2026-03-02,UTI024,82.8,55.2,74692,84.5,14.7
2026-03-02,UTI025,72.7,54.8,103441,73.5,71.7
2026-03-02,UTI026,50.9,67.0,163503,65.4,86.7
2026-03-02,UTI027,43.1,75.6,109915,83.8,33.2
2026-03-02,UTI028,57.8,82.2,3031,88.2,78.7
2026-03-02,UTI029,59.6,30.5,14092,88.5,41.2
2026-03-02,UTI030,44.9,32.1,178005,71.6,65.0
2026-03-02,UTI031,57.9,61.5,93777,86.0,30.0
2026-03-02,UTI032,90.6,52.9,89587,94.9,16.5
2026-03-02,UTI033,71.2,29.2,16338,78.0,92.0
2026-03-02,UTI034,49.2,67.1,109467,87.1,42.1
2026-03-02,UTI035,61.3,28.7,112349,66.5,67.9
2026-03-02,UTI036,72.3,61.6,42037,79.2,89.4
2026-03-03,UTI001,91.7,21.3,103361,88.3,39.2
2026-03-03,UTI002,45.1,73.1,108783,63.7,83.0
2026-03-03,UTI003,69.7,39.6,12964,62.2,88.5
2026-03-03,UTI004,67.7,70.3,50787,96.2,80.4
2026-03-03,UTI005,72.2,22.2,62010,78.2,35.1
2026-03-03,UTI006,82.5,35.4,60595,67.2,56.9
2026-03-03,UTI007,47.3,44.7,141229,72.9,55.6
2026-03-03,UTI008,43.9,35.3,131549,90.2,43.5
2026-03-03,UTI009,77.7,56.1,2017,72.6,22.1
2026-03-03,UTI010,84.9,21.3,92063,67.2,69.1
2026-03-03,UTI011,95.5,70.8,40477,63.2,58.0
2026-03-03,UTI012,78.3,80.4,109291,73.1,79.2
2026-03-03,UTI013,44.7,80.2,77455,63.7,31.8
2026-03-03,UTI014,83.7,75.0,155802,90.1,27.4
2026-03-03,UTI015,44.6,77.7,83316,96.8,53.4
2026-03-03,UTI016,66.4,40.5,51788,96.2,87.2
2026-03-03,UTI017,59.0,79.8,67390,78.6,64.5
2026-03-03,UTI018,52.4,65.3,75292,86.7,34.8
2026-03-03,UTI019,49.5,64.5,129929,82.1,60.8
2026-03-03,UTI020,74.3,25.5,90768,75.4,42.2
2026-03-03,UTI021,89.6,34.5,78099,65.9,22.5
2026-03-03,UTI022,65.6,26.2,21268,63.3,60.0
2026-03-03,UTI023,47.9,35.0,162399,63.1,82.7
2026-03-03,UTI024,42.4,43.9,80078,95.2,66.4
2026-03-03,UTI025,60.3,66.1,11017,74.4,21.6
2026-03-03,UTI026,94.7,24.6,151018,67.1,17.0
2026-03-03,UTI027,54.8,42.9,12515,72.6,91.4
2026-03-03,UTI028,72.6,38.4,135682,85.8,27.8
2026-03-03,UTI029,76.1,39.1,66364,62.2,50.0
2026-03-03,UTI030,80.9,59.5,20278,75.3,38.6
2026-03-03,UTI031,89.1,22.9,109521,91.1,91.3
2026-03-03,UTI032,89.4,56.1,33695,73.8,46.3
2026-03-03,UTI033,63.4,78.7,18234,87.2,29.1
2026-03-03,UTI034,81.2,52.3,72059,63.7,55.8
2026-03-03,UTI035,83.6,58.8,90475,74.8,34.0
2026-03-03,UTI036,78.9,23.6,68473,65.3,43.2
2026-03-04,UTI001,94.3,56.9,172287,86.8,63.4
2026-03-04,UTI002,72.8,68.5,41309,63.1,56.1
2026-03-04,UTI003,85.4,35.8,39271,94.1,69.6
2026-03-04,UTI004,67.1,71.0,156172,77.8,19.3
2026-03-04,UTI005,54.9,72.9,184622,92.2,84.2
2026-03-04,UTI006,97.0,71.0,152116,91.1,92.0
2026-03-04,UTI007,41.4,19.3,6202,84.5,8.1
2026-03-04,UTI008,43.7,51.6,60580,66.1,13.1
2026-03-04,UTI009,70.6,75.9,26991,64.9,93.2
2026-03-04,UTI010,70.0,39.9,37975,82.6,78.5
2026-03-04,UTI011,75.6,79.0,100910,84.5,66.3
2026-03-04,UTI012,47.8,23.9,183048,89.7,91.4
2026-03-04,UTI013,92.5,31.5,101303,71.1,83.2
2026-03-04,UTI014,84.4,54.3,71034,94.2,42.1
2026-03-04,UTI015,69.1,73.8,16597,72.4,10.0
2026-03-04,UTI016,78.6,47.4,22517,78.9,54.8
2026-03-04,UTI017,84.9,65.3,117006,76.2,22.9
2026-03-04,UTI018,44.5,82.1,122410,73.1,43.6
2026-03-04,UTI019,46.2,63.8,3555,74.3,14.8
2026-03-04,UTI020,78.4,35.2,67870,85.2,28.4
2026-03-04,UTI021,46.6,38.6,54683,91.0,58.8
2026-03-04,UTI022,58.1,32.2,164719,78.5,49.8
2026-03-04,UTI023,93.5,49.8,43078,80.1,53.7
2026-03-04,UTI024,76.9,27.9,106603,94.1,27.4
2026-03-04,UTI025,78.4,68.3,173041,83.2,75.6
2026-03-04,UTI026,56.8,44.1,28907,76.4,51.3
2026-03-04,UTI027,89.4,70.1,64216,88.6,60.0
2026-03-04,UTI028,88.5,80.8,170047,82.4,55.6
2026-03-04,UTI029,44.2,27.6,176651,70.9,12.8
2026-03-04,UTI030,95.9,18.2,70104,68.2,56.2
2026-03-04,UTI031,50.9,47.5,61240,95.9,38.4
2026-03-04,UTI032,51.6,30.0,121935,83.5,75.4
2026-03-04,UTI033,92.7,34.3,89199,87.9,37.4
2026-03-04,UTI034,63.4,47.2,146214,62.1,43.2
2026-03-04,UTI035,94.0,52.5,114673,70.5,8.7
2026-03-04,UTI036,58.0,78.5,171746,72.9,70.6
2026-03-05,UTI001,75.4,61.3,110019,87.8,35.0
2026-03-05,UTI002,48.2,55.6,37957,74.4,62.0
2026-03-05,UTI003,43.1,81.3,181357,81.3,29.2
2026-03-05,UTI004,48.1,58.8,60017,84.7,17.1
2026-03-05,UTI005,70.2,51.5,75053,86.6,56.0
2026-03-05,UTI006,69.7,79.6,88065,95.4,90.1
2026-03-05,UTI007,53.0,44.4,114412,84.7,54.6
2026-03-05,UTI008,46.8,61.6,21452,94.2,23.6
2026-03-05,UTI009,73.3,22.1,105224,73.8,18.6
2026-03-05,UTI010,48.5,53.7,150351,75.8,52.3
2026-03-05,UTI011,83.5,23.0,53349,73.8,92.3
2026-03-05,UTI012,89.5,57.1,82235,94.9,71.0
2026-03-05,UTI013,71.5,56.3,40563,83.8,89.8
2026-03-05,UTI014,58.4,41.1,114772,74.4,81.9
2026-03-05,UTI015,74.9,70.6,88009,78.6,23.8
2026-03-05,UTI016,84.1,42.8,156160,73.2,86.8
2026-03-05,UTI017,69.2,32.3,67468,89.3,89.9
2026-03-05,UTI018,59.4,73.5,7575,84.7,11.9
2026-03-05,UTI019,60.9,43.9,160980,69.8,27.6
2026-03-05,UTI020,40.7,27.1,152385,67.5,82.3
2026-03-05,UTI021,54.8,73.5,45848,88.0,71.8
2026-03-05,UTI022,92.4,38.9,93067,69.8,25.5
2026-03-05,UTI023,43.3,30.1,119759,90.7,67.9
2026-03-05,UTI024,91.2,30.8,86235,69.7,14.0
2026-03-05,UTI025,80.8,20.8,35116,62.4,33.8
2026-03-05,UTI026,48.2,73.3,166898,76.3,32.5
2026-03-05,UTI027,91.4,37.6,58922,94.8,31.2
2026-03-05,UTI028,72.8,40.9,47049,87.7,88.5
2026-03-05,UTI029,71.9,65.9,167004,93.5,15.0
2026-03-05,UTI030,79.3,77.6,24586,84.5,90.3
2026-03-05,UTI031,62.4,78.5,39162,90.6,49.2
2026-03-05,UTI032,63.6,67.6,106106,68.7,8.5
2026-03-05,UTI033,74.8,19.7,74140,66.4,35.6
2026-03-05,UTI034,52.6,37.7,20384,78.1,80.7
2026-03-05,UTI035,61.3,70.3,147861,91.3,52.4
2026-03-05,UTI036,78.6,73.3,110219,96.5,72.9
2026-03-06,UTI001,82.8,51.0,144377,81.1,57.7
2026-03-06,UTI002,52.7,66.4,127812,83.4,56.6
2026-03-06,UTI003,95.5,56.9,79655,80.6,29.4
2026-03-06,UTI004,57.1,22.6,85225,62.0,92.9
2026-03-06,UTI005,60.9,68.8,138214,63.6,73.4
2026-03-06,UTI006,78.7,28.3,172557,85.5,30.4
2026-03-06,UTI007,72.3,76.7,26056,67.5,79.2
2026-03-06,UTI008,87.7,54.1,4179,89.5,24.4
2026-03-06,UTI009,73.9,24.7,95683,77.9,21.0
2026-03-06,UTI010,57.8,78.0,107063,72.9,59.3
2026-03-06,UTI011,47.3,80.9,128994,88.3,52.9
2026-03-06,UTI012,92.5,66.6,102463,86.3,42.6
2026-03-06,UTI013,90.8,58.4,77662,76.7,26.5
2026-03-06,UTI014,60.0,23.6,157913,62.7,43.2
2026-03-06,UTI015,76.5,53.8,12544,63.5,65.7
2026-03-06,UTI016,87.0,71.7,36627,86.0,46.0
2026-03-06,UTI017,78.9,20.7,95575,89.2,23.7
2026-03-06,UTI018,40.4,67.4,173329,79.1,47.6
2026-03-06,UTI019,64.5,43.9,136088,88.1,86.7
2026-03-06,UTI020,91.8,45.4,175965,68.2,56.1
2026-03-06,UTI021,46.1,39.0,163649,85.3,67.3
2026-03-06,UTI022,47.4,77.4,108685,67.0,9.4
2026-03-06,UTI023,72.5,29.1,162800,83.2,13.2
2026-03-06,UTI024,45.0,70.4,117653,91.5,81.5
2026-03-06,UTI025,47.7,41.7,87270,88.6,92.9
2026-03-06,UTI026,82.0,40.0,152964,65.7,23.4
2026-03-06,UTI027,84.1,81.8,25481,72.5,30.0
2026-03-06,UTI028,74.6,61.4,4447,70.6,10.7
2026-03-06,UTI029,71.3,71.3,112431,91.0,49.1
2026-03-06,UTI030,61.2,68.3,144057,87.9,25.5
2026-03-06,UTI031,60.8,65.1,74445,65.0,37.0
2026-03-06,UTI032,81.0,30.2,10565,90.3,34.6
2026-03-06,UTI033,73.8,61.4,126210,65.7,59.8
2026-03-06,UTI034,68.1,75.6,165023,83.6,27.4
2026-03-06,UTI035,55.5,18.8,35484,88.8,51.8
2026-03-06,UTI036,45.0,19.8,2354,87.2,58.3
2026-03-07,UTI001,55.1,82.6,90447,92.0,38.0
2026-03-07,UTI002,60.2,30.4,45627,82.8,18.0
2026-03-07,UTI003,47.6,37.2,32602,76.8,71.6
2026-03-07,UTI004,40.1,34.5,143768,68.5,22.2
2026-03-07,UTI005,71.0,30.2,39790,94.7,83.5
2026-03-07,UTI006,43.9,75.5,119254,63.1,44.6
2026-03-07,UTI007,94.7,38.6,14360,93.6,51.7
2026-03-07,UTI008,80.9,53.9,148057,89.5,63.6
2026-03-07,UTI009,42.9,55.1,36265,79.3,12.6
2026-03-07,UTI010,86.1,76.5,135125,98.9,59.3
2026-03-07,UTI011,93.3,43.0,14108,69.7,77.0
2026-03-07,UTI012,69.4,29.1,52488,65.9,74.4
2026-03-07,UTI013,93.4,83.2,151928,90.6,84.1
2026-03-07,UTI014,60.9,26.0,49931,98.5,87.2
2026-03-07,UTI015,57.5,72.2,56156,67.5,51.6
2026-03-07,UTI016,56.9,46.5,125905,66.8,38.1
2026-03-07,UTI017,95.4,22.3,47378,89.7,19.8
2026-03-07,UTI018,68.4,44.4,56772,73.0,88.2
2026-03-07,UTI019,65.9,56.0,31364,77.9,56.2
2026-03-07,UTI020,85.5,63.9,129547,74.4,54.8
2026-03-07,UTI021,47.7,26.0,141279,67.9,63.1
2026-03-07,UTI022,84.1,50.9,3150,78.1,24.5
2026-03-07,UTI023,71.7,81.2,94584,96.5,54.8
2026-03-07,UTI024,82.9,30.3,29328,96.0,20.1
2026-03-07,UTI025,52.0,68.0,183050,95.7,13.3
2026-03-07,UTI026,90.1,55.0,44296,87.2,65.2
2026-03-07,UTI027,68.1,79.2,167051,87.5,56.6
2026-03-07,UTI028,72.8,26.5,89996,76.6,58.9
2026-03-07,UTI029,48.8,79.2,63511,86.1,19.7
2026-03-07,UTI030,73.3,55.9,27165,65.9,20.9
2026-03-07,UTI031,89.1,48.2,103757,84.7,60.4
2026-03-07,UTI032,62.9,80.8,159388,72.2,88.6
2026-03-07,UTI033,53.2,66.2,49609,63.4,64.1
2026-03-07,UTI034,86.1,67.9,92599,81.0,47.1
2026-03-07,UTI035,55.0,71.2,116485,93.4,69.3
2026-03-07,UTI036,71.7,57.4,11984,77.6,86.9
2026-03-08,UTI001,53.4,42.6,56824,68.8,66.9
2026-03-08,UTI002,68.7,20.7,82576,65.6,32.2
2026-03-08,UTI003,53.6,70.1,172967,98.7,62.7
2026-03-08,UTI004,84.1,31.4,101981,97.2,82.3
2026-03-08,UTI005,53.8,19.1,183393,68.5,80.8
2026-03-08,UTI006,58.0,18.6,148464,92.8,9.3
2026-03-08,UTI007,68.5,42.3,69621,83.7,84.8
2026-03-08,UTI008,84.2,60.9,106690,93.1,23.8
2026-03-08,UTI009,81.2,47.5,13121,87.3,58.0
2026-03-08,UTI010,51.1,80.3,55570,92.6,82.7
2026-03-08,UTI011,59.6,27.1,89126,85.4,33.8
2026-03-08,UTI012,96.5,68.3,14886,85.1,54.3
2026-03-08,UTI013,96.2,69.1,101748,63.2,73.1
2026-03-08,UTI014,65.5,75.5,37927,69.8,16.9
2026-03-08,UTI015,62.2,54.4,184717,63.7,45.4
2026-03-08,UTI016,70.0,29.3,133296,93.0,10.0
2026-03-08,UTI017,54.1,59.3,130825,72.9,14.2
2026-03-08,UTI018,91.5,66.6,57408,72.1,30.0
2026-03-08,UTI019,42.4,79.8,75638,72.5,61.8
2026-03-08,UTI020,81.0,24.5,94270,63.7,88.0
2026-03-08,UTI021,87.1,52.4,166869,70.6,12.4
2026-03-08,UTI022,49.5,26.4,46288,95.3,58.3
2026-03-08,UTI023,57.0,61.2,119237,82.7,41.1
2026-03-08,UTI024,86.9,57.1,107817,87.1,88.5
2026-03-08,UTI025,53.3,44.2,150953,68.4,62.7
2026-03-08,UTI026,48.0,27.0,94167,82.2,24.8
2026-03-08,UTI027,86.1,82.3,122942,76.5,43.7
2026-03-08,UTI028,78.8,81.5,52639,98.4,74.3
2026-03-08,UTI029,49.6,48.2,117699,67.4,63.0
2026-03-08,UTI030,57.6,38.7,135571,73.2,54.6
2026-03-08,UTI031,58.5,49.2,83612,77.3,57.8
2026-03-08,UTI032,65.7,46.9,107373,91.6,70.4
2026-03-08,UTI033,80.4,74.1,24435,93.2,58.0
2026-03-08,UTI034,64.1,70.7,22727,90.2,29.1
2026-03-08,UTI035,92.9,22.5,109089,85.7,49.4
2026-03-08,UTI036,80.9,39.5,73837,98.9,54.1
2026-03-09,UTI001,49.7,72.1,132273,71.9,66.0
2026-03-09,UTI002,75.1,21.3,181045,90.3,47.9
2026-03-09,UTI003,78.0,83.3,120246,87.5,54.3
2026-03-09,UTI004,72.2,28.5,85920,89.7,52.5
2026-03-09,UTI005,65.1,39.5,178683,65.8,90.3
2026-03-09,UTI006,44.6,71.3,159408,70.7,27.8
2026-03-09,UTI007,69.5,36.5,160774,83.4,68.0
2026-03-09,UTI008,64.8,59.5,130700,62.6,92.8
2026-03-09,UTI009,84.4,39.1,23712,68.2,83.0
2026-03-09,UTI010,86.7,29.7,127583,86.6,50.0
2026-03-09,UTI011,84.8,60.3,172574,68.0,23.1
2026-03-09,UTI012,89.2,37.5,67826,95.5,36.1
2026-03-09,UTI013,60.6,26.3,101015,81.0,74.1
2026-03-09,UTI014,47.3,82.1,159665,98.1,74.1
2026-03-09,UTI015,60.1,65.4,155623,73.0,82.3
2026-03-09,UTI016,62.6,41.2,46957,89.4,31.0
2026-03-09,UTI017,44.2,60.2,50670,62.0,19.3
2026-03-09,UTI018,85.3,65.2,65878,92.2,68.7
2026-03-09,UTI019,62.7,27.0,28170,72.2,34.4
2026-03-09,UTI020,57.3,80.9,169693,63.8,24.6
2026-03-09,UTI021,59.0,37.2,2121,78.0,52.3
2026-03-09,UTI022,51.2,79.7,16022,80.7,81.9
2026-03-09,UTI023,68.9,76.3,14524,68.6,39.8
2026-03-09,UTI024,90.0,76.3,120181,92.5,58.0
2026-03-09,UTI025,93.2,82.9,44629,83.3,49.3
2026-03-09,UTI026,83.7,59.9,45307,69.3,53.7
2026-03-09,UTI027,55.6,73.8,51906,67.4,93.3
2026-03-09,UTI028,63.3,55.9,84040,87.8,83.7
2026-03-09,UTI029,51.7,47.2,63585,85.2,10.7
2026-03-09,UTI030,69.6,24.8,59862,98.5,54.1
2026-03-09,UTI031,86.6,57.1,51210,87.9,67.4
2026-03-09,UTI032,51.1,65.5,107391,96.1,43.5
2026-03-09,UTI033,96.5,64.4,151644,98.9,35.7
2026-03-09,UTI034,73.7,46.3,173046,98.6,19.6
2026-03-09,UTI035,88.2,66.7,144357,86.6,65.3
2026-03-09,UTI036,46.1,21.0,40025,73.2,19.5
2026-03-10,UTI001,51.1,62.4,17456,77.9,63.9
2026-03-10,UTI002,40.2,42.8,150268,86.6,57.4
2026-03-10,UTI003,48.0,47.4,96688,73.1,66.8
2026-03-10,UTI004,73.8,81.1,54104,80.2,35.4
2026-03-10,UTI005,93.3,82.1,74138,93.5,8.2
2026-03-10,UTI006,45.4,51.6,83432,95.3,88.6
2026-03-10,UTI007,76.2,77.8,39863,86.2,16.7
2026-03-10,UTI008,49.0,24.6,126824,70.2,51.4
2026-03-10,UTI009,72.5,52.2,157069,79.3,65.5
2026-03-10,UTI010,59.2,64.2,65110,84.5,31.2
2026-03-10,UTI011,65.2,76.2,146530,73.8,67.9
2026-03-10,UTI012,78.9,25.2,35636,78.9,32.2
2026-03-10,UTI013,45.1,53.5,110349,98.2,67.1
2026-03-10,UTI014,66.7,45.4,159176,93.4,22.2
2026-03-10,UTI015,68.1,59.2,28231,64.1,22.9
2026-03-10,UTI016,47.1,20.5,178054,81.3,70.9
2026-03-10,UTI017,77.7,82.7,115112,97.6,19.8
2026-03-10,UTI018,49.9,46.2,178384,91.1,32.0
2026-03-10,UTI019,78.8,68.7,149397,98.3,50.6
2026-03-10,UTI020,66.1,34.0,93052,86.2,62.0
2026-03-10,UTI021,59.0,52.4,144223,91.1,55.3
2026-03-10,UTI022,81.8,72.6,107633,96.0,48.3
2026-03-10,UTI023,76.2,83.5,84900,70.9,45.7
2026-03-10,UTI024,92.2,68.2,34056,83.8,67.5
2026-03-10,UTI025,49.6,58.4,172150,83.3,89.5
2026-03-10,UTI026,61.5,50.5,42204,78.2,52.1
2026-03-10,UTI027,69.7,56.0,36029,79.0,93.6
2026-03-10,UTI028,89.3,44.5,180571,65.6,51.6
2026-03-10,UTI029,58.0,37.1,66559,67.1,31.7
2026-03-10,UTI030,55.3,44.1,21709,85.9,60.3
2026-03-10,UTI031,69.6,26.4,157542,73.6,53.6
2026-03-10,UTI032,90.9,25.7,182015,82.7,86.1
2026-03-10,UTI033,85.1,62.5,149193,92.7,29.4
2026-03-10,UTI034,59.0,44.0,3037,90.4,17.2
2026-03-10,UTI035,88.3,24.9,171871,98.9,78.3
2026-03-10,UTI036,93.4,42.6,124416,64.3,87.8
2026-03-11,UTI001,96.4,43.7,161808,91.5,83.2
2026-03-11,UTI002,62.6,43.6,78230,84.9,24.5
2026-03-11,UTI003,68.9,79.1,143524,81.7,39.3
2026-03-11,UTI004,70.3,55.2,25941,82.2,61.6
2026-03-11,UTI005,49.6,40.3,97917,64.9,22.0
2026-03-11,UTI006,57.5,83.8,172995,96.7,45.9
2026-03-11,UTI007,45.2,69.0,34964,65.0,63.3
2026-03-11,UTI008,68.3,66.8,142713,98.4,39.6
2026-03-11,UTI009,66.1,53.4,178115,78.5,77.4
2026-03-11,UTI010,41.8,27.1,156154,75.9,50.0
2026-03-11,UTI011,60.3,43.7,107815,90.5,20.9
2026-03-11,UTI012,77.4,26.5,15292,87.5,45.2
2026-03-11,UTI013,47.2,82.1,40536,64.2,78.4
2026-03-11,UTI014,90.6,27.6,53772,76.6,27.8
2026-03-11,UTI015,61.7,49.4,65469,87.6,41.6
2026-03-11,UTI016,63.2,35.7,94449,67.5,88.3
2026-03-11,UTI017,47.6,62.5,11816,71.1,44.6
2026-03-11,UTI018,62.9,39.3,107435,85.6,33.0
2026-03-11,UTI019,69.6,51.1,8542,63.4,27.7
2026-03-11,UTI020,52.6,64.5,121053,62.9,49.4
2026-03-11,UTI021,54.1,49.0,41718,98.7,68.2
2026-03-11,UTI022,67.0,23.3,95635,80.0,66.2
2026-03-11,UTI023,67.8,83.8,91656,84.3,25.3
2026-03-11,UTI024,62.9,56.9,22265,70.2,16.2
2026-03-11,UTI025,51.8,24.3,174381,98.2,70.6
2026-03-11,UTI026,86.2,19.9,130937,93.1,81.4
2026-03-11,UTI027,54.5,63.0,29400,64.3,69.3
2026-03-11,UTI028,78.5,59.8,155264,67.5,27.7
2026-03-11,UTI029,82.5,61.5,62960,70.7,33.9
2026-03-11,UTI030,87.3,63.1,61863,77.0,66.2
2026-03-11,UTI031,74.4,83.0,11536,90.2,28.5
2026-03-11,UTI032,66.3,31.7,157115,83.3,91.6
2026-03-11,UTI033,64.7,59.0,26613,89.3,43.9
2026-03-11,UTI034,67.6,61.5,150198,97.7,83.9
2026-03-11,UTI035,71.0,70.3,53311,97.5,88.6
2026-03-11,UTI036,89.6,59.1,101991,88.5,73.7
2026-03-12,UTI001,77.5,68.2,149005,81.7,16.4
2026-03-12,UTI002,80.6,52.2,61033,78.3,16.7
2026-03-12,UTI003,92.0,51.2,165341,88.5,33.7
2026-03-12,UTI004,84.1,71.4,18362,78.0,24.3
2026-03-12,UTI005,52.6,73.7,8889,69.5,32.3
2026-03-12,UTI006,66.9,59.5,27047,88.5,58.8
2026-03-12,UTI007,88.0,65.1,109326,96.1,71.1
2026-03-12,UTI008,70.7,81.7,93360,88.7,67.7
2026-03-12,UTI009,59.4,78.2,30316,91.3,79.6
2026-03-12,UTI010,71.2,64.2,33563,82.1,19.6
2026-03-12,UTI011,96.2,26.1,116459,65.7,28.2
2026-03-12,UTI012,52.9,76.9,90136,92.2,33.1
2026-03-12,UTI013,42.8,46.9,173058,78.5,84.3
2026-03-12,UTI014,74.4,76.3,61464,98.4,78.9
2026-03-12,UTI015,74.9,49.1,143990,62.4,51.4
2026-03-12,UTI016,59.7,22.5,30626,85.2,58.8
2026-03-12,UTI017,56.5,68.0,156790,78.2,17.4
2026-03-12,UTI018,49.7,55.1,74100,69.5,65.5
2026-03-12,UTI019,96.4,57.5,54416,69.5,24.6
2026-03-12,UTI020,68.3,64.5,28327,74.0,70.4
2026-03-12,UTI021,50.5,52.6,145589,73.9,57.1
2026-03-12,UTI022,69.7,33.6,128894,84.9,28.2
2026-03-12,UTI023,79.5,80.4,33144,98.7,18.6
2026-03-12,UTI024,67.3,38.0,132705,72.4,8.3
2026-03-12,UTI025,55.3,24.5,132336,74.6,33.9
2026-03-12,UTI026,76.7,27.6,124156,85.6,74.5
2026-03-12,UTI027,80.1,23.8,56709,83.5,65.0
2026-03-12,UTI028,78.4,50.9,176645,88.1,40.3
2026-03-12,UTI029,80.3,25.0,155558,77.5,73.6
2026-03-12,UTI030,83.4,51.1,19816,82.2,53.7
2026-03-12,UTI031,67.1,25.6,17388,70.5,61.9
2026-03-12,UTI032,86.7,28.8,30550,85.9,10.1
2026-03-12,UTI033,82.0,58.0,46289,72.3,74.1
2026-03-12,UTI034,46.4,50.8,134201,72.6,26.4
2026-03-12,UTI035,59.4,80.6,140691,89.4,36.9
2026-03-12,UTI036,66.2,24.1,162916,71.2,65.9
2026-03-13,UTI001,89.7,55.1,13103,82.7,60.5
2026-03-13,UTI002,91.9,48.1,65552,67.7,75.3
2026-03-13,UTI003,90.3,77.3,95584,86.1,72.4
2026-03-13,UTI004,78.6,66.3,71374,75.5,45.0
2026-03-13,UTI005,75.3,57.3,121685,98.4,42.4
2026-03-13,UTI006,82.5,69.7,145602,85.8,12.2
2026-03-13,UTI007,51.5,23.9,6300,94.8,75.3
2026-03-13,UTI008,93.0,67.6,71636,98.9,30.0
2026-03-13,UTI009,82.8,31.0,68711,94.9,87.0
2026-03-13,UTI010,86.3,57.7,35132,63.1,75.6
2026-03-13,UTI011,50.0,52.4,25216,90.9,28.3
2026-03-13,UTI012,44.0,48.7,69531,65.9,40.2
2026-03-13,UTI013,60.1,75.2,145978,89.9,46.7
2026-03-13,UTI014,81.5,31.8,109207,75.6,31.3
2026-03-13,UTI015,47.4,76.8,118442,88.7,88.3
2026-03-13,UTI016,89.0,42.4,162371,90.2,25.6
2026-03-13,UTI017,52.2,75.6,122971,80.2,42.5
2026-03-13,UTI018,88.4,67.6,150410,98.6,51.3
2026-03-13,UTI019,71.7,49.4,112798,92.2,94.0
2026-03-13,UTI020,73.4,37.5,84038,89.3,64.1
2026-03-13,UTI021,55.8,57.7,149811,84.7,68.2
2026-03-13,UTI022,58.0,68.1,173391,89.0,53.1
2026-03-13,UTI023,83.6,62.5,98629,73.9,41.3
2026-03-13,UTI024,74.0,82.7,50012,97.0,79.1
2026-03-13,UTI025,51.9,62.7,133962,84.1,29.1
2026-03-13,UTI026,55.6,45.6,5828,77.3,55.4
2026-03-13,UTI027,74.3,19.3,46334,91.0,13.7
2026-03-13,UTI028,85.5,19.9,108356,74.4,52.5
2026-03-13,UTI029,58.0,39.7,135438,63.2,87.9
2026-03-13,UTI030,94.6,67.0,159140,75.2,83.7
2026-03-13,UTI031,76.5,67.5,105056,64.3,51.8
2026-03-13,UTI032,69.7,55.3,94870,69.2,9.0
2026-03-13,UTI033,60.2,62.9,157503,74.8,92.9
2026-03-13,UTI034,75.2,19.2,156027,95.9,73.2
2026-03-13,UTI035,67.8,35.2,166618,89.8,37.9
2026-03-13,UTI036,53.6,22.7,138015,97.1,14.0
2026-03-14,UTI001,95.9,80.6,137193,70.7,68.2
2026-03-14,UTI002,66.8,28.6,54192,73.6,66.0
2026-03-14,UTI003,43.8,19.5,71537,84.9,39.7
2026-03-14,UTI004,42.8,30.2,56236,93.5,21.0
2026-03-14,UTI005,88.9,66.1,69848,65.5,68.7
2026-03-14,UTI006,48.1,76.9,142514,73.6,75.5
2026-03-14,UTI007,43.0,69.7,47803,65.9,26.8
2026-03-14,UTI008,93.7,48.7,66488,70.9,25.5
2026-03-14,UTI009,79.4,72.3,64409,63.4,46.7
2026-03-14,UTI010,56.6,75.4,60627,79.0,42.9
2026-03-14,UTI011,87.6,27.8,102885,62.6,48.0
2026-03-14,UTI012,51.9,45.2,138975,69.9,60.6
2026-03-14,UTI013,81.0,39.5,172029,73.9,52.7
2026-03-14,UTI014,61.6,27.0,104176,95.6,77.1
2026-03-14,UTI015,76.7,73.9,66400,94.9,86.3
2026-03-14,UTI016,71.6,33.0,142122,95.0,17.7
2026-03-14,UTI017,62.3,78.6,59591,72.2,85.5
2026-03-14,UTI018,84.6,56.3,12703,67.5,68.4
2026-03-14,UTI019,82.2,36.1,11548,89.8,32.3
2026-03-14,UTI020,83.7,24.2,36383,85.3,75.0
2026-03-14,UTI021,56.2,54.6,111054,64.1,42.7
2026-03-14,UTI022,80.2,33.8,109241,64.9,29.2
2026-03-14,UTI023,85.8,27.6,96338,69.3,69.7
2026-03-14,UTI024,96.3,18.7,154111,93.5,40.0
2026-03-14,UTI025,68.4,19.9,89435,90.8,75.3
2026-03-14,UTI026,73.8,60.6,180149,70.6,37.6
2026-03-14,UTI027,91.8,39.0,10691,98.4,63.7
2026-03-14,UTI028,93.4,44.8,182884,75.9,65.1
2026-03-14,UTI029,44.1,23.3,148349,95.3,35.3
2026-03-14,UTI030,96.8,53.8,139896,69.0,60.4
2026-03-14,UTI031,82.5,26.7,93274,85.7,9.0
2026-03-14,UTI032,77.6,23.3,95523,75.9,56.0
2026-03-14,UTI033,48.5,21.0,51098,95.4,82.1
2026-03-14,UTI034,45.7,62.7,159301,75.7,38.2
2026-03-14,UTI035,93.7,72.9,182127,90.0,85.9
2026-03-14,UTI036,75.9,33.4,86986,75.8,13.3
2026-03-15,UTI001,94.0,31.1,12256,84.1,63.0
2026-03-15,UTI002,59.9,51.3,179949,92.3,35.4
2026-03-15,UTI003,77.8,77.7,3350,94.7,14.7
2026-03-15,UTI004,55.9,56.7,104980,95.1,47.8
2026-03-15,UTI005,83.7,37.4,27319,86.1,32.9
2026-03-15,UTI006,91.3,82.2,65692,86.4,19.8
2026-03-15,UTI007,89.3,45.3,184703,74.1,85.9
2026-03-15,UTI008,56.1,75.0,156480,87.8,32.5
2026-03-15,UTI009,73.0,81.4,97779,68.0,87.9
2026-03-15,UTI010,87.8,69.7,39144,72.7,65.5
2026-03-15,UTI011,87.4,60.8,95599,69.7,72.4
2026-03-15,UTI012,51.3,29.1,53380,87.2,80.1
2026-03-15,UTI013,93.4,80.0,140789,74.1,30.5
2026-03-15,UTI014,60.6,67.1,180891,83.0,69.7
2026-03-15,UTI015,91.7,63.0,119128,81.5,77.0
2026-03-15,UTI016,53.7,82.9,54290,95.7,47.2
2026-03-15,UTI017,53.5,41.2,67177,83.6,92.3
2026-03-15,UTI018,61.5,26.5,13322,80.5,77.7
2026-03-15,UTI019,70.8,60.7,69204,69.1,82.6
2026-03-15,UTI020,59.0,74.6,58076,74.8,70.9
2026-03-15,UTI021,74.2,47.3,7772,90.2,92.8
2026-03-15,UTI022,54.2,29.2,152794,69.3,92.9
2026-03-15,UTI023,43.8,72.4,167662,69.0,64.7
2026-03-15,UTI024,80.0,83.7,180179,69.9,38.5
2026-03-15,UTI025,89.9,53.4,164210,65.2,25.4
2026-03-15,UTI026,74.1,23.6,182042,66.1,77.9
2026-03-15,UTI027,86.9,74.7,50006,76.6,55.2
2026-03-15,UTI028,76.5,38.1,92502,66.7,38.7
2026-03-15,UTI029,71.2,24.2,172573,66.3,91.2
2026-03-15,UTI030,62.9,35.2,130958,93.0,13.2
2026-03-15,UTI031,69.6,64.0,107842,86.0,84.0
2026-03-15,UTI032,53.3,60.5,49498,76.1,80.5
2026-03-15,UTI033,71.1,28.9,112433,97.0,34.9
2026-03-15,UTI034,87.0,51.7,175636,98.4,74.8
2026-03-15,UTI035,40.3,21.3,178664,67.7,30.9
2026-03-15,UTI036,48.9,38.0,156851,62.3,55.8
2026-03-16,UTI001,53.7,57.1,26860,70.4,59.9
2026-03-16,UTI002,67.4,52.6,172998,93.6,65.4
2026-03-16,UTI003,86.0,50.3,165871,72.9,47.1
2026-03-16,UTI004,87.7,81.2,164186,82.2,79.7
2026-03-16,UTI005,46.9,67.2,177547,94.5,36.9
2026-03-16,UTI006,45.5,78.0,144530,98.8,9.9
2026-03-16,UTI007,44.4,50.0,72857,77.3,71.5
2026-03-16,UTI008,74.3,60.5,93797,85.3,76.6
2026-03-16,UTI009,93.5,64.1,91436,81.3,15.9
2026-03-16,UTI010,83.9,48.6,120416,93.8,61.3
2026-03-16,UTI011,89.5,81.2,95247,69.1,91.8
2026-03-16,UTI012,73.5,50.8,48025,90.8,80.3
2026-03-16,UTI013,58.4,22.5,180187,98.6,86.9
2026-03-16,UTI014,54.8,55.7,182805,65.7,36.1
2026-03-16,UTI015,88.5,31.1,178746,85.1,62.6
2026-03-16,UTI016,71.2,35.8,148479,63.9,73.0
2026-03-16,UTI017,47.6,81.0,50057,80.4,64.0
2026-03-16,UTI018,42.9,74.9,127101,70.8,36.8
2026-03-16,UTI019,89.3,31.8,144648,90.3,53.6
2026-03-16,UTI020,87.4,78.8,140538,79.1,14.3
2026-03-16,UTI021,44.0,64.7,123169,72.2,89.8
2026-03-16,UTI022,46.2,52.7,38012,90.6,28.5
2026-03-16,UTI023,94.8,71.2,65284,88.4,16.3
2026-03-16,UTI024,48.4,67.2,74320,71.9,45.9
2026-03-16,UTI025,57.3,47.7,46502,90.4,12.7
2026-03-16,UTI026,70.5,78.0,8457,96.9,44.4
2026-03-16,UTI027,86.6,21.9,67862,81.9,39.9
2026-03-16,UTI028,93.6,75.1,38345,81.4,17.7
2026-03-16,UTI029,47.9,55.9,51592,88.2,52.8
2026-03-16,UTI030,74.6,38.7,23237,88.0,45.8
2026-03-16,UTI031,77.4,77.2,73367,65.6,13.8
2026-03-16,UTI032,64.0,20.8,82308,84.1,85.3
2026-03-16,UTI033,95.9,61.9,115295,86.5,49.1
2026-03-16,UTI034,88.6,25.2,159203,85.4,37.4
2026-03-16,UTI035,44.2,80.8,22974,96.8,41.0
2026-03-16,UTI036,76.5,26.6,45559,78.1,19.2
2026-03-17,UTI001,47.3,53.4,61773,93.7,20.8
2026-03-17,UTI002,49.2,55.1,17012,93.1,23.4
2026-03-17,UTI003,63.4,82.6,91049,90.8,44.9
2026-03-17,UTI004,46.5,59.8,152922,93.0,48.7
2026-03-17,UTI005,47.2,42.2,127673,76.3,64.1
2026-03-17,UTI006,46.2,20.0,9402,65.8,16.8
2026-03-17,UTI007,72.0,46.2,63193,68.8,43.0
2026-03-17,UTI008,91.0,30.0,170843,63.4,66.9
2026-03-17,UTI009,82.7,24.5,92650,65.6,39.3
2026-03-17,UTI010,94.5,43.4,31882,89.4,74.4
2026-03-17,UTI011,59.9,83.0,34794,80.5,90.9
2026-03-17,UTI012,46.3,77.5,92307,71.9,61.3
2026-03-17,UTI013,86.5,56.3,69610,90.3,37.2
2026-03-17,UTI014,40.8,73.9,64359,63.7,12.3
2026-03-17,UTI015,90.1,29.5,51342,68.7,36.1
2026-03-17,UTI016,59.8,81.9,51908,69.6,14.5
2026-03-17,UTI017,63.7,27.9,49224,75.4,57.4
2026-03-17,UTI018,60.3,56.2,153217,70.0,20.7
2026-03-17,UTI019,67.7,41.0,21587,97.1,18.3
2026-03-17,UTI020,63.6,74.7,149504,78.0,33.9
2026-03-17,UTI021,54.2,57.9,102284,81.1,17.7
2026-03-17,UTI022,42.8,64.5,17152,66.1,68.4
2026-03-17,UTI023,50.6,59.5,181184,82.5,9.2
2026-03-17,UTI024,59.4,21.1,173865,72.4,30.0
2026-03-17,UTI025,48.9,68.6,74855,79.3,30.6
2026-03-17,UTI026,61.2,60.5,31478,73.7,49.0
2026-03-17,UTI027,83.8,60.4,48694,63.2,58.6
2026-03-17,UTI028,79.1,30.2,179520,90.0,87.7
2026-03-17,UTI029,43.3,24.8,38598,66.3,47.0
2026-03-17,UTI030,81.3,76.6,78627,72.6,63.4
2026-03-17,UTI031,91.7,26.9,90410,87.3,12.3
2026-03-17,UTI032,67.1,19.4,167827,75.1,34.8
2026-03-17,UTI033,87.5,23.6,56408,98.8,49.4
2026-03-17,UTI034,50.3,58.8,126331,84.2,80.9
2026-03-17,UTI035,93.8,68.4,97062,70.4,68.2
2026-03-17,UTI036,60.0,55.4,100263,98.3,82.4
2026-03-18,UTI001,93.2,35.1,67752,69.9,21.9
2026-03-18,UTI002,90.0,71.6,28835,83.3,50.8
2026-03-18,UTI003,53.9,63.0,46067,92.6,32.5
2026-03-18,UTI004,83.3,37.3,52164,74.4,51.6
2026-03-18,UTI005,78.5,33.0,11048,89.7,65.7
2026-03-18,UTI006,80.6,65.2,122609,89.6,9.0
2026-03-18,UTI007,53.0,64.8,108786,97.5,62.2
2026-03-18,UTI008,55.1,41.6,177712,76.3,52.4
2026-03-18,UTI009,72.6,82.9,163061,84.5,14.0
2026-03-18,UTI010,42.3,72.4,20319,62.5,88.9
2026-03-18,UTI011,69.5,30.8,172048,73.0,24.3
2026-03-18,UTI012,56.9,26.7,19597,93.6,83.9
2026-03-18,UTI013,47.1,38.2,72282,89.7,75.7
2026-03-18,UTI014,57.8,69.5,14127,78.4,24.5
2026-03-18,UTI015,85.4,76.3,21810,65.3,43.3
2026-03-18,UTI016,93.4,54.4,40146,93.0,89.5
2026-03-18,UTI017,92.4,30.5,5027,90.9,15.2
2026-03-18,UTI018,90.4,71.1,18859,98.2,76.9
2026-03-18,UTI019,57.2,42.9,100214,88.7,11.2
2026-03-18,UTI020,71.0,21.0,52556,97.4,44.3
2026-03-18,UTI021,96.4,49.0,75260,92.2,71.7
2026-03-18,UTI022,64.9,55.0,8147,85.1,89.8
2026-03-18,UTI023,44.4,83.7,45090,77.8,74.0
2026-03-18,UTI024,58.5,22.2,85421,86.6,15.5
2026-03-18,UTI025,82.2,27.1,152459,62.7,53.1
2026-03-18,UTI026,79.8,57.7,80053,92.0,25.4
2026-03-18,UTI027,61.5,27.4,144389,74.3,84.1
2026-03-18,UTI028,48.3,49.2,99580,85.4,75.4
2026-03-18,UTI029,93.0,19.8,23718,88.1,20.6
2026-03-18,UTI030,65.3,69.4,166491,98.9,18.4
2026-03-18,UTI031,89.5,50.6,74996,73.6,73.3
2026-03-18,UTI032,51.0,39.5,151695,73.8,50.1
2026-03-18,UTI033,68.1,72.6,64841,64.2,75.6
2026-03-18,UTI034,94.5,35.1,179362,90.2,75.0
2026-03-18,UTI035,69.0,56.3,149984,74.5,40.1
2026-03-18,UTI036,57.3,69.9,79967,67.1,58.7
2026-03-19,UTI001,52.5,59.5,156172,91.4,41.6
2026-03-19,UTI002,63.9,20.2,149706,94.9,76.9
2026-03-19,UTI003,54.9,57.0,84976,72.4,28.1
2026-03-19,UTI004,41.1,31.1,31607,94.0,64.0
2026-03-19,UTI005,69.7,48.5,120756,74.4,34.7
2026-03-19,UTI006,92.9,22.8,145197,70.9,89.8
2026-03-19,UTI007,40.9,51.1,49682,75.6,37.3
2026-03-19,UTI008,81.9,57.8,83076,67.3,32.1
2026-03-19,UTI009,89.0,51.8,61763,75.2,8.5
2026-03-19,UTI010,44.9,51.1,163478,76.8,43.4
2026-03-19,UTI011,61.1,72.1,22859,90.3,15.8
2026-03-19,UTI012,67.2,30.0,181101,72.4,85.5
2026-03-19,UTI013,71.3,82.8,121155,89.9,82.2
2026-03-19,UTI014,61.2,47.5,61459,75.9,30.5
2026-03-19,UTI015,49.4,54.1,109973,97.2,29.0
2026-03-19,UTI016,50.1,45.5,29481,87.2,53.3
2026-03-19,UTI017,95.8,71.1,143355,75.7,39.1
2026-03-19,UTI018,83.3,47.7,176093,94.5,77.9
2026-03-19,UTI019,90.7,30.1,131815,94.4,40.0
2026-03-19,UTI020,67.5,81.6,58104,83.1,80.7
2026-03-19,UTI021,68.9,60.3,139877,64.2,19.6
2026-03-19,UTI022,55.1,55.5,40327,95.5,75.1
2026-03-19,UTI023,62.0,73.7,135736,65.0,42.1
2026-03-19,UTI024,66.5,53.1,76370,96.0,26.5
2026-03-19,UTI025,71.6,77.1,115080,95.9,65.3
2026-03-19,UTI026,61.8,56.0,154957,88.2,50.0
2026-03-19,UTI027,65.7,73.2,46164,70.8,20.2
2026-03-19,UTI028,84.8,34.6,136652,87.2,40.4
2026-03-19,UTI029,77.0,61.9,57417,89.5,63.9
2026-03-19,UTI030,75.5,77.0,98096,74.9,56.1
2026-03-19,UTI031,55.6,34.0,14469,92.7,9.2
2026-03-19,UTI032,48.9,39.1,118395,89.5,92.4
2026-03-19,UTI033,65.4,75.3,30328,66.0,32.3
2026-03-19,UTI034,74.3,27.4,39755,76.7,75.9
2026-03-19,UTI035,85.4,42.0,142830,94.9,25.6
2026-03-19,UTI036,48.5,79.8,85268,71.2,29.2
2026-03-20,UTI001,96.6,81.5,159551,81.4,92.7
2026-03-20,UTI002,60.7,47.8,134069,81.3,22.4
2026-03-20,UTI003,64.7,24.6,134575,63.4,14.8
2026-03-20,UTI004,82.0,69.5,32780,67.3,35.7
2026-03-20,UTI005,82.3,83.4,176202,85.1,38.1
2026-03-20,UTI006,92.8,79.7,1866,98.6,28.6
2026-03-20,UTI007,83.7,56.5,18852,71.1,60.5
2026-03-20,UTI008,43.9,55.4,71185,67.0,25.4
2026-03-20,UTI009,44.7,77.1,52802,76.5,33.7
2026-03-20,UTI010,53.1,80.4,12495,74.8,31.3
2026-03-20,UTI011,46.3,60.5,28894,63.8,9.4
2026-03-20,UTI012,61.6,45.9,119065,77.4,29.7
2026-03-20,UTI013,63.8,36.5,17602,90.1,71.0
2026-03-20,UTI014,93.5,19.8,74030,91.0,85.8
2026-03-20,UTI015,45.6,80.5,140541,66.7,93.4
2026-03-20,UTI016,43.7,26.3,60827,91.8,66.6
2026-03-20,UTI017,42.1,26.3,110365,69.5,24.0
2026-03-20,UTI018,85.9,63.2,113956,98.0,32.6
2026-03-20,UTI019,77.4,75.7,6685,81.3,23.0
2026-03-20,UTI020,55.1,47.5,84711,69.3,54.4
2026-03-20,UTI021,57.4,25.2,38182,64.7,30.4
2026-03-20,UTI022,72.3,42.4,66257,75.5,79.1
2026-03-20,UTI023,42.1,49.3,69089,93.3,69.2
2026-03-20,UTI024,70.9,26.6,47732,79.9,14.2
2026-03-20,UTI025,93.5,51.7,135672,93.7,79.3
2026-03-20,UTI026,71.1,39.3,157809,70.5,16.2
2026-03-20,UTI027,84.7,21.8,94861,73.0,18.8
2026-03-20,UTI028,66.5,35.0,57355,72.2,50.6
2026-03-20,UTI029,61.5,77.4,66134,83.4,34.1
2026-03-20,UTI030,64.5,29.2,134398,97.3,52.1
2026-03-20,UTI031,83.4,36.2,41024,74.9,76.9
2026-03-20,UTI032,51.2,20.5,108732,67.7,54.4
2026-03-20,UTI033,69.6,22.2,6814,62.6,48.4
2026-03-20,UTI034,92.4,44.1,142873,75.6,78.4
2026-03-20,UTI035,77.8,67.9,135667,74.5,75.2
2026-03-20,UTI036,62.3,35.5,142904,71.1,35.9
2026-03-21,UTI001,59.5,74.8,130443,80.7,63.4
2026-03-21,UTI002,52.9,24.8,169351,64.7,50.9
2026-03-21,UTI003,75.2,58.6,41119,78.4,72.1
2026-03-21,UTI004,40.1,82.0,105176,75.0,42.7
2026-03-21,UTI005,49.1,82.9,103416,77.2,24.7
2026-03-21,UTI006,72.8,63.7,108770,66.7,64.0
2026-03-21,UTI007,85.5,46.8,124820,88.0,34.8
2026-03-21,UTI008,86.0,19.8,178293,97.3,11.8
2026-03-21,UTI009,71.5,70.7,183575,85.2,65.2
2026-03-21,UTI010,52.0,40.2,22131,80.3,90.6
2026-03-21,UTI011,49.5,53.9,31752,64.3,12.7
2026-03-21,UTI012,82.5,66.9,128409,90.7,15.7
2026-03-21,UTI013,52.0,67.1,50350,86.6,10.6
2026-03-21,UTI014,73.6,46.2,183511,66.2,74.0
2026-03-21,UTI015,82.4,59.8,57285,85.3,84.0
2026-03-21,UTI016,62.5,62.3,45283,90.7,90.6
2026-03-21,UTI017,53.0,82.6,156227,67.1,81.5
2026-03-21,UTI018,80.4,40.9,15182,82.2,42.7
2026-03-21,UTI019,42.9,25.1,56310,84.6,64.6
2026-03-21,UTI020,47.8,31.7,40696,88.4,63.1
2026-03-21,UTI021,74.8,33.6,175109,89.6,38.0
2026-03-21,UTI022,84.5,32.9,184538,80.2,32.1
2026-03-21,UTI023,75.1,63.0,13511,85.4,25.8
2026-03-21,UTI024,91.0,61.8,178914,87.5,69.3
2026-03-21,UTI025,96.2,22.7,160920,65.8,61.3
2026-03-21,UTI026,80.5,55.7,91142,87.6,42.5
2026-03-21,UTI027,77.9,24.3,33450,75.3,17.4
2026-03-21,UTI028,66.5,78.9,126802,72.4,75.5
2026-03-21,UTI029,87.4,83.3,182829,96.0,59.0
2026-03-21,UTI030,43.9,78.6,55612,98.1,31.2
2026-03-21,UTI031,64.2,18.2,119715,87.6,85.6
2026-03-21,UTI032,85.8,74.9,72207,68.5,83.1
2026-03-21,UTI033,79.0,26.4,111646,79.3,43.6
2026-03-21,UTI034,69.5,74.9,163854,78.9,42.6
2026-03-21,UTI035,76.4,42.4,158205,95.5,59.9
2026-03-21,UTI036,87.8,25.5,108217,79.0,57.5
2026-03-22,UTI001,47.4,47.3,178556,73.0,34.2
2026-03-22,UTI002,91.7,28.5,40353,68.0,82.7
2026-03-22,UTI003,52.4,81.6,15811,80.6,65.5
2026-03-22,UTI004,75.9,77.2,89915,95.6,17.9
2026-03-22,UTI005,73.4,60.9,41960,85.4,23.0
2026-03-22,UTI006,66.1,67.4,22835,85.1,59.9
2026-03-22,UTI007,48.1,67.4,77944,88.1,77.4
2026-03-22,UTI008,95.0,81.1,184032,97.9,58.1
2026-03-22,UTI009,46.5,37.1,6368,96.9,48.7
2026-03-22,UTI010,84.7,73.9,42825,67.1,43.3
2026-03-22,UTI011,41.9,36.9,29396,90.8,31.1
2026-03-22,UTI012,80.7,74.8,179323,72.7,89.1
2026-03-22,UTI013,87.1,64.8,22330,83.6,14.5
2026-03-22,UTI014,77.7,52.6,73586,91.2,83.5
2026-03-22,UTI015,96.7,47.6,140775,86.5,51.3
2026-03-22,UTI016,69.3,29.8,68065,96.9,64.5
2026-03-22,UTI017,74.8,74.7,19745,81.9,24.7
2026-03-22,UTI018,84.3,41.9,7182,78.0,64.0
2026-03-22,UTI019,78.1,20.1,25384,84.6,36.9
2026-03-22,UTI020,75.7,38.4,58102,90.3,92.1
2026-03-22,UTI021,51.3,25.8,43128,84.2,59.2
2026-03-22,UTI022,91.1,26.9,165756,69.3,74.3
2026-03-22,UTI023,73.5,24.6,136410,90.4,11.7
2026-03-22,UTI024,41.7,81.5,52640,76.9,29.6
2026-03-22,UTI025,89.4,58.0,168789,84.4,62.9
2026-03-22,UTI026,49.4,58.3,33950,71.7,10.8
2026-03-22,UTI027,55.0,27.1,144883,95.9,92.0
2026-03-22,UTI028,45.5,56.0,146411,98.3,78.2
2026-03-22,UTI029,54.0,63.3,46480,80.2,84.4
2026-03-22,UTI030,66.9,76.6,173161,95.4,55.6
2026-03-22,UTI031,75.3,39.3,109465,92.6,61.0
2026-03-22,UTI032,63.0,29.1,68612,82.9,34.1
2026-03-22,UTI033,42.4,58.5,152295,73.3,37.0
2026-03-22,UTI034,46.7,77.0,49772,65.8,10.5
2026-03-22,UTI035,78.9,52.7,135735,96.2,25.3
2026-03-22,UTI036,70.5,44.6,128843,88.9,46.3
2026-03-23,UTI001,78.1,52.2,106955,78.6,49.1
2026-03-23,UTI002,51.3,81.4,127243,70.7,37.9
2026-03-23,UTI003,76.9,73.9,130826,70.2,36.2
2026-03-23,UTI004,92.8,75.4,39242,97.2,67.1
2026-03-23,UTI005,41.9,30.9,85071,91.2,74.6
2026-03-23,UTI006,65.1,56.0,129793,82.6,55.0
2026-03-23,UTI007,81.8,68.4,22692,88.9,21.1
2026-03-23,UTI008,46.0,75.5,92635,88.0,26.8
2026-03-23,UTI009,43.0,43.7,28317,77.1,30.1
2026-03-23,UTI010,63.7,67.1,87183,83.7,33.8
2026-03-23,UTI011,65.6,33.0,126248,90.0,16.0
2026-03-23,UTI012,90.4,30.8,62326,73.7,26.6
2026-03-23,UTI013,73.7,53.5,31708,66.1,33.6
2026-03-23,UTI014,61.1,55.7,7100,82.5,40.9
2026-03-23,UTI015,50.0,37.3,102055,95.6,22.2
2026-03-23,UTI016,60.1,61.7,28514,66.2,42.5
2026-03-23,UTI017,91.1,29.2,5114,62.1,77.0
2026-03-23,UTI018,44.4,82.2,113072,80.9,79.7
2026-03-23,UTI019,51.1,23.9,128619,82.8,37.7
2026-03-23,UTI020,81.3,49.8,54173,75.8,27.2
2026-03-23,UTI021,83.5,45.4,55600,88.3,37.3
2026-03-23,UTI022,66.1,60.6,150813,93.0,72.8
2026-03-23,UTI023,71.6,32.9,77552,70.1,60.9
2026-03-23,UTI024,63.0,58.8,75798,63.7,31.1
2026-03-23,UTI025,94.5,39.6,150730,65.1,8.2
2026-03-23,UTI026,91.5,63.5,158919,66.8,89.6
2026-03-23,UTI027,64.5,81.3,37869,63.5,55.0
2026-03-23,UTI028,85.0,68.3,137826,75.1,67.4
2026-03-23,UTI029,77.1,81.9,50417,78.7,89.9
2026-03-23,UTI030,68.2,52.7,16021,91.5,83.7
2026-03-23,UTI031,87.8,63.8,85475,74.2,59.8
2026-03-23,UTI032,81.5,58.7,46152,87.2,74.7
2026-03-23,UTI033,91.8,49.5,174274,90.5,93.8
2026-03-23,UTI034,73.9,18.2,68715,93.2,59.4
2026-03-23,UTI035,90.4,60.7,170920,95.9,52.9
2026-03-23,UTI036,74.3,53.2,126744,75.5,89.3
2026-03-24,UTI001,66.4,53.5,86821,70.3,63.4
2026-03-24,UTI002,68.6,72.3,60773,83.7,63.4
2026-03-24,UTI003,90.5,68.4,128258,85.1,45.5
2026-03-24,UTI004,66.3,68.6,57984,73.5,75.6
2026-03-24,UTI005,58.0,18.2,122328,66.2,45.0
2026-03-24,UTI006,46.1,62.9,41953,76.0,17.4
2026-03-24,UTI007,44.1,30.6,36902,73.2,60.0
2026-03-24,UTI008,81.0,74.4,119126,82.6,87.8
2026-03-24,UTI009,91.8,55.5,175239,66.4,55.2
2026-03-24,UTI010,85.1,68.8,18918,82.5,33.2
2026-03-24,UTI011,79.6,78.6,114913,65.0,87.7
2026-03-24,UTI012,56.2,77.5,83103,68.3,82.0
2026-03-24,UTI013,92.0,67.1,170346,71.7,8.9
2026-03-24,UTI014,96.0,52.8,102983,66.7,67.2
2026-03-24,UTI015,81.2,42.6,100806,93.9,58.4
2026-03-24,UTI016,48.9,68.1,4488,66.6,8.2
2026-03-24,UTI017,89.5,55.3,177483,67.2,84.5
2026-03-24,UTI018,45.1,68.8,23990,62.6,27.1
2026-03-24,UTI019,68.6,24.4,141914,69.2,51.5
2026-03-24,UTI020,90.0,44.5,54415,64.7,60.5
2026-03-24,UTI021,51.6,66.0,13291,71.3,41.5
2026-03-24,UTI022,83.6,57.8,39836,91.8,91.7
2026-03-24,UTI023,41.0,69.8,123595,62.7,49.6
2026-03-24,UTI024,60.2,82.3,80889,65.4,38.2
2026-03-24,UTI025,63.3,26.4,50421,81.1,73.9
2026-03-24,UTI026,80.5,68.0,4154,73.1,77.6
2026-03-24,UTI027,77.7,37.7,98527,98.2,20.6
2026-03-24,UTI028,92.7,39.0,168277,94.3,61.1
2026-03-24,UTI029,60.8,83.1,53938,73.2,38.7
2026-03-24,UTI030,65.5,33.2,178879,77.5,63.9
2026-03-24,UTI031,75.9,48.7,124359,70.6,18.9
2026-03-24,UTI032,81.3,80.9,34810,96.3,86.9
2026-03-24,UTI033,45.5,20.2,55294,81.9,29.4
2026-03-24,UTI034,85.7,42.6,96186,67.1,34.9
2026-03-24,UTI035,60.3,67.3,62192,62.6,16.3
2026-03-24,UTI036,79.3,71.5,99097,89.2,86.1
2026-03-25,UTI001,67.0,46.1,175216,88.8,36.8
2026-03-25,UTI002,40.4,72.8,64135,82.8,19.7
2026-03-25,UTI003,74.1,24.7,117325,74.5,54.6
2026-03-25,UTI004,83.4,32.4,130876,97.9,86.7
2026-03-25,UTI005,75.2,43.6,16692,98.1,75.6
2026-03-25,UTI006,77.6,80.7,63320,74.7,80.3
2026-03-25,UTI007,46.4,59.0,18360,83.6,45.2
2026-03-25,UTI008,48.4,77.6,57390,69.4,93.7
2026-03-25,UTI009,41.9,67.4,127003,74.7,24.9
2026-03-25,UTI010,96.2,55.4,170846,98.6,36.2
2026-03-25,UTI011,96.7,69.5,89311,96.7,22.1
2026-03-25,UTI012,79.4,19.8,31437,86.7,85.7
2026-03-25,UTI013,81.2,73.3,12769,64.5,87.5
2026-03-25,UTI014,44.9,38.3,98534,92.2,39.9
2026-03-25,UTI015,47.8,40.8,3973,92.6,44.0
2026-03-25,UTI016,79.1,53.8,27272,65.6,50.0
2026-03-25,UTI017,86.8,48.1,61772,81.7,41.6
2026-03-25,UTI018,48.7,70.3,58084,82.4,42.6
2026-03-25,UTI019,63.2,38.9,34439,94.4,80.9
2026-03-25,UTI020,80.9,40.2,9193,84.9,44.0
2026-03-25,UTI021,67.3,74.0,115115,63.9,37.7
2026-03-25,UTI022,87.2,42.6,82088,94.2,80.5
2026-03-25,UTI023,65.5,47.1,124997,62.6,66.6
2026-03-25,UTI024,60.5,82.9,114619,70.7,29.1
2026-03-25,UTI025,43.0,77.7,119886,90.5,41.0
2026-03-25,UTI026,51.3,39.5,105220,76.3,67.3
2026-03-25,UTI027,53.9,27.2,46092,90.2,68.5
2026-03-25,UTI028,85.6,23.6,156070,78.3,23.0
2026-03-25,UTI029,87.4,20.4,94278,72.3,25.9
2026-03-25,UTI030,44.0,57.3,41314,93.0,34.0
2026-03-25,UTI031,87.8,80.3,81605,92.8,24.5
2026-03-25,UTI032,80.9,49.1,173865,96.1,17.8
2026-03-25,UTI033,88.0,45.7,163745,90.8,43.4
2026-03-25,UTI034,70.3,52.7,53833,79.9,59.8
2026-03-25,UTI035,88.2,66.4,99716,82.3,71.4
2026-03-25,UTI036,40.8,70.4,153147,78.2,78.4
2026-03-26,UTI001,67.5,56.1,6933,93.9,77.3
2026-03-26,UTI002,96.3,30.2,163856,62.9,18.5
2026-03-26,UTI003,76.7,43.5,33009,90.0,14.2
2026-03-26,UTI004,50.6,34.3,179053,73.1,26.8
2026-03-26,UTI005,96.8,49.9,27178,70.3,54.4
2026-03-26,UTI006,45.7,30.5,34279,80.5,62.3
2026-03-26,UTI007,63.0,61.1,76086,69.2,34.2
2026-03-26,UTI008,66.5,49.1,151232,65.4,30.2
2026-03-26,UTI009,44.5,61.7,15901,96.1,54.7
2026-03-26,UTI010,61.2,29.0,181158,97.6,31.2
2026-03-26,UTI011,58.2,40.0,53946,80.5,25.1
2026-03-26,UTI012,40.7,74.8,56738,80.0,78.0
2026-03-26,UTI013,45.7,82.2,96892,97.9,12.0
2026-03-26,UTI014,57.0,34.5,46499,96.9,42.6
2026-03-26,UTI015,80.0,24.1,25007,75.6,40.9
2026-03-26,UTI016,83.9,73.0,14091,75.3,54.5
2026-03-26,UTI017,81.1,19.9,175822,75.7,26.2
2026-03-26,UTI018,57.5,33.5,137403,97.6,64.0
2026-03-26,UTI019,87.2,50.0,14807,79.7,62.6
2026-03-26,UTI020,84.7,70.7,79939,81.3,68.1
2026-03-26,UTI021,93.3,49.2,27565,95.5,17.3
2026-03-26,UTI022,93.1,37.9,93490,85.0,76.3
2026-03-26,UTI023,77.7,19.4,119876,70.4,63.2
2026-03-26,UTI024,45.2,73.6,38720,90.9,34.4
2026-03-26,UTI025,83.7,53.9,184474,71.8,58.8
2026-03-26,UTI026,92.3,46.4,162303,62.1,51.5
2026-03-26,UTI027,89.0,41.0,68620,76.6,81.6
2026-03-26,UTI028,67.8,45.8,174339,67.6,25.0
2026-03-26,UTI029,50.7,60.3,170591,74.3,77.0
2026-03-26,UTI030,53.5,78.8,51414,78.5,18.3
2026-03-26,UTI031,80.2,76.2,119889,71.6,38.0
2026-03-26,UTI032,82.6,53.8,38276,77.4,76.3
2026-03-26,UTI033,94.9,74.4,15741,88.8,38.5
2026-03-26,UTI034,49.8,59.4,163736,95.8,83.4
2026-03-26,UTI035,87.5,48.5,96087,93.0,77.7
2026-03-26,UTI036,48.8,32.6,151936,76.5,68.2
2026-03-27,UTI001,68.3,60.1,37277,95.3,44.3
2026-03-27,UTI002,95.6,72.2,9163,80.9,40.0
2026-03-27,UTI003,92.8,74.2,171897,68.6,13.6
2026-03-27,UTI004,61.5,33.0,85251,82.7,43.6
2026-03-27,UTI005,90.7,25.0,151838,77.0,33.0
2026-03-27,UTI006,83.0,72.7,173039,94.5,19.2
2026-03-27,UTI007,81.9,30.3,123862,98.1,74.2
2026-03-27,UTI008,43.2,43.0,139348,96.3,73.8
2026-03-27,UTI009,84.7,59.5,25286,66.7,16.9
2026-03-27,UTI010,73.0,70.6,161377,80.8,53.7
2026-03-27,UTI011,44.9,61.5,20716,94.8,22.0
2026-03-27,UTI012,77.9,77.8,166900,73.3,83.9
2026-03-27,UTI013,80.1,64.9,132378,82.4,79.9
2026-03-27,UTI014,96.5,36.6,60542,71.1,54.6
2026-03-27,UTI015,83.4,22.0,67287,73.0,9.1
2026-03-27,UTI016,66.2,60.6,101562,74.0,75.6
2026-03-27,UTI017,93.1,39.7,179537,79.3,73.7
2026-03-27,UTI018,60.9,50.8,71700,78.8,88.0
2026-03-27,UTI019,62.6,82.3,108683,80.4,22.0
2026-03-27,UTI020,76.1,23.8,35316,95.5,87.2
2026-03-27,UTI021,51.9,30.7,183494,83.6,87.3
2026-03-27,UTI022,88.7,44.5,86960,86.7,90.1
2026-03-27,UTI023,83.9,65.4,79973,77.5,34.1
2026-03-27,UTI024,94.3,53.1,109934,63.1,26.9
2026-03-27,UTI025,81.6,59.9,17944,97.3,38.5
2026-03-27,UTI026,86.6,18.1,54304,88.1,67.4
2026-03-27,UTI027,48.3,41.4,167667,78.2,82.7
2026-03-27,UTI028,68.6,76.0,168160,96.9,52.3
2026-03-27,UTI029,53.1,23.3,64606,72.3,19.3
2026-03-27,UTI030,40.5,51.2,92234,81.4,49.8
2026-03-27,UTI031,71.3,41.6,44632,97.0,24.6
2026-03-27,UTI032,58.7,71.4,72045,70.3,40.6
2026-03-27,UTI033,50.1,37.5,154816,76.1,44.8
2026-03-27,UTI034,91.7,32.3,93644,74.1,26.3
2026-03-27,UTI035,46.6,67.5,66721,83.5,36.1
2026-03-27,UTI036,45.3,43.5,176030,73.7,71.2
2026-03-28,UTI001,57.6,75.7,79247,80.1,22.6
2026-03-28,UTI002,93.4,41.3,69816,87.5,34.1
2026-03-28,UTI003,91.4,70.6,37164,77.4,19.5
2026-03-28,UTI004,41.8,39.2,22598,78.4,75.4
2026-03-28,UTI005,44.0,61.8,42700,64.9,8.7
2026-03-28,UTI006,69.2,23.4,149677,89.1,71.4
2026-03-28,UTI007,86.5,56.6,167397,79.4,59.0
2026-03-28,UTI008,86.8,47.2,152499,63.3,18.5
2026-03-28,UTI009,79.4,22.9,36329,78.3,63.8
2026-03-28,UTI010,46.8,53.1,111208,83.5,48.0
2026-03-28,UTI011,70.3,22.4,115185,72.8,42.4
2026-03-28,UTI012,49.8,25.7,59374,63.8,14.7
2026-03-28,UTI013,92.2,50.9,76677,70.3,75.6
2026-03-28,UTI014,89.7,56.4,16527,86.5,90.3
2026-03-28,UTI015,70.8,43.4,87498,83.6,34.8
2026-03-28,UTI016,52.8,60.3,20379,93.3,62.7
2026-03-28,UTI017,77.7,35.3,9063,83.5,23.6
2026-03-28,UTI018,55.7,58.1,87157,82.5,78.5
2026-03-28,UTI019,82.7,56.2,163812,62.3,78.8
2026-03-28,UTI020,45.1,76.3,107428,80.1,51.6
2026-03-28,UTI021,48.0,73.2,183507,89.0,61.3
2026-03-28,UTI022,46.3,56.2,16995,79.4,69.0
2026-03-28,UTI023,52.5,82.3,86887,87.5,17.4
2026-03-28,UTI024,44.4,62.3,171859,85.5,22.3
2026-03-28,UTI025,48.7,34.8,143533,99.0,76.1
2026-03-28,UTI026,78.6,25.9,164687,83.2,91.1
2026-03-28,UTI027,96.7,74.5,165096,65.6,37.6
2026-03-28,UTI028,68.2,64.5,61147,75.9,90.7
2026-03-28,UTI029,76.4,79.0,25227,87.9,37.8
2026-03-28,UTI030,87.3,48.2,151326,88.2,68.8
2026-03-28,UTI031,45.8,33.8,128950,70.5,76.8
2026-03-28,UTI032,42.6,83.5,104872,87.3,59.4
2026-03-28,UTI033,79.5,38.9,66512,76.8,62.6
2026-03-28,UTI034,69.2,43.0,144791,70.5,32.4
2026-03-28,UTI035,49.3,72.4,158305,75.7,40.0
2026-03-28,UTI036,49.6,25.8,120947,76.1,57.8
2026-03-29,UTI001,74.6,31.7,84391,77.6,86.6
2026-03-29,UTI002,83.0,56.3,81822,63.7,38.7
2026-03-29,UTI003,53.3,47.8,98495,91.3,42.5
2026-03-29,UTI004,92.7,70.2,2129,88.1,47.0
2026-03-29,UTI005,77.6,47.0,90935,86.0,10.3
2026-03-29,UTI006,58.0,23.3,2371,63.6,9.1
2026-03-29,UTI007,82.8,61.7,74256,68.3,90.4
2026-03-29,UTI008,52.2,51.1,42224,97.0,86.4
2026-03-29,UTI009,80.5,44.2,150170,97.4,78.2
2026-03-29,UTI010,65.6,54.3,136507,80.0,61.6
2026-03-29,UTI011,83.5,27.8,76916,85.4,90.9
2026-03-29,UTI012,64.5,35.8,123191,88.3,15.7
2026-03-29,UTI013,87.8,62.2,5421,94.3,76.6
2026-03-29,UTI014,66.7,66.0,162826,65.7,43.8
2026-03-29,UTI015,85.8,32.5,176497,86.3,75.6
2026-03-29,UTI016,90.2,67.7,44561,91.3,63.8
2026-03-29,UTI017,71.2,55.9,151694,71.7,81.0
2026-03-29,UTI018,45.3,37.4,34240,95.2,90.4
2026-03-29,UTI019,43.0,56.3,125001,71.6,26.8
2026-03-29,UTI020,70.8,34.1,24796,87.4,46.7
2026-03-29,UTI021,57.3,52.2,27837,66.9,89.0
2026-03-29,UTI022,82.9,74.9,49691,98.4,92.5
2026-03-29,UTI023,79.5,84.0,94142,69.2,90.9
2026-03-29,UTI024,94.7,37.7,83574,71.3,86.8
2026-03-29,UTI025,64.6,43.6,41052,95.0,22.5
2026-03-29,UTI026,58.1,81.0,94479,94.0,33.6
2026-03-29,UTI027,73.8,65.8,122985,65.5,10.2
2026-03-29,UTI028,64.4,21.0,174239,64.4,42.2
2026-03-29,UTI029,74.7,45.9,75725,85.6,58.9
2026-03-29,UTI030,94.9,26.2,32927,63.2,68.5
2026-03-29,UTI031,79.4,63.5,110353,90.8,63.1
2026-03-29,UTI032,80.6,44.5,50215,77.3,18.9
2026-03-29,UTI033,68.4,36.9,8330,71.8,66.0
2026-03-29,UTI034,45.8,57.5,168496,93.0,18.5
2026-03-29,UTI035,82.8,74.5,34264,68.4,63.7
2026-03-29,UTI036,92.8,67.4,93395,63.8,58.7
2026-03-30,UTI001,56.1,35.6,101569,82.4,34.3
2026-03-30,UTI002,74.3,24.7,182658,95.4,43.7
2026-03-30,UTI003,60.6,36.1,126471,81.7,44.9
2026-03-30,UTI004,62.7,70.7,164725,65.0,41.6
2026-03-30,UTI005,45.5,72.9,112715,79.4,68.0
2026-03-30,UTI006,82.4,66.0,139241,84.7,56.7
2026-03-30,UTI007,57.9,62.8,43147,96.5,78.8
2026-03-30,UTI008,72.9,64.2,178195,87.7,88.2
2026-03-30,UTI009,77.1,82.3,27317,74.6,64.4
2026-03-30,UTI010,75.0,19.0,41962,78.3,25.0
2026-03-30,UTI011,84.0,64.2,149002,71.2,63.0
2026-03-30,UTI012,59.1,59.4,99636,81.5,51.3
2026-03-30,UTI013,70.1,22.3,62432,86.6,93.9
2026-03-30,UTI014,90.4,58.6,157855,66.0,60.6
2026-03-30,UTI015,88.4,19.9,17069,63.3,65.4
2026-03-30,UTI016,53.0,42.2,48757,94.0,58.5
2026-03-30,UTI017,94.7,28.2,10947,87.4,20.0
2026-03-30,UTI018,51.1,30.8,151510,94.5,79.6
2026-03-30,UTI019,68.7,24.5,101047,63.3,36.6
2026-03-30,UTI020,70.8,63.5,129418,65.2,49.4
2026-03-30,UTI021,43.6,79.9,59546,62.8,15.6
2026-03-30,UTI022,73.3,47.4,67235,79.2,35.6
2026-03-30,UTI023,90.0,26.4,125243,72.5,39.9
2026-03-30,UTI024,51.8,50.5,25358,96.7,54.8
2026-03-30,UTI025,86.5,72.2,129094,97.7,42.7
2026-03-30,UTI026,77.8,43.2,13253,74.5,37.0
2026-03-30,UTI027,67.6,56.5,57386,98.0,23.3
2026-03-30,UTI028,92.7,18.4,93187,82.3,65.1
2026-03-30,UTI029,56.9,71.4,144802,70.5,80.9
2026-03-30,UTI030,68.1,35.7,27847,78.6,20.9
2026-03-30,UTI031,89.4,45.1,48974,83.1,69.8
2026-03-30,UTI032,42.5,55.3,51062,75.7,72.9
2026-03-30,UTI033,93.4,28.6,25316,72.9,74.3
2026-03-30,UTI034,62.0,74.0,4363,85.4,54.7
2026-03-30,UTI035,76.2,57.5,170412,94.1,19.1
2026-03-30,UTI036,43.1,64.4,17651,75.1,41.0
2026-03-31,UTI001,85.9,18.1,57724,83.3,48.8
2026-03-31,UTI002,42.5,68.6,147392,68.8,35.4
2026-03-31,UTI003,41.1,77.9,81213,95.9,44.2
2026-03-31,UTI004,83.4,58.2,91400,64.4,79.6
2026-03-31,UTI005,52.3,42.9,172814,66.8,15.9
2026-03-31,UTI006,84.4,38.2,96624,77.2,73.0
2026-03-31,UTI007,58.1,73.4,103712,64.4,86.1
2026-03-31,UTI008,66.7,30.6,18717,84.7,24.6
2026-03-31,UTI009,46.6,45.4,161561,83.2,70.7
2026-03-31,UTI010,82.2,73.5,30318,68.1,28.3
2026-03-31,UTI011,90.9,30.5,84966,82.2,30.2
2026-03-31,UTI012,82.0,35.9,179089,81.4,34.7
2026-03-31,UTI013,45.8,56.6,171604,78.1,85.4
2026-03-31,UTI014,60.6,61.3,144465,83.6,47.6
2026-03-31,UTI015,74.6,66.2,171699,73.3,34.4
2026-03-31,UTI016,72.8,62.6,31335,97.0,64.4
2026-03-31,UTI017,96.4,32.4,135476,67.9,51.3
2026-03-31,UTI018,67.9,83.8,79186,85.1,8.0
2026-03-31,UTI019,86.8,76.4,157750,63.8,10.6
2026-03-31,UTI020,46.2,33.7,103816,93.7,47.8
2026-03-31,UTI021,56.3,69.6,125738,77.2,83.8
2026-03-31,UTI022,89.9,52.8,92856,65.0,16.5
2026-03-31,UTI023,61.2,48.3,154897,86.8,33.6
2026-03-31,UTI024,44.7,82.0,100408,66.4,68.0
2026-03-31,UTI025,40.8,56.4,14000,79.1,67.7
2026-03-31,UTI026,40.4,54.3,151082,68.5,90.0
2026-03-31,UTI027,48.5,67.1,70905,83.5,36.3
2026-03-31,UTI028,83.1,80.4,29461,82.9,67.5
2026-03-31,UTI029,80.1,74.9,154172,90.9,64.8
2026-03-31,UTI030,66.5,60.8,105041,95.9,86.3
2026-03-31,UTI031,49.5,57.0,4475,82.7,90.2
2026-03-31,UTI032,41.3,58.7,133539,80.1,53.2
2026-03-31,UTI033,69.7,50.7,92921,66.1,42.1
2026-03-31,UTI034,55.5,60.8,149083,91.3,33.7
2026-03-31,UTI035,56.0,36.3,48548,67.7,18.0
2026-03-31,UTI036,88.3,59.2,23574,68.0,48.8
2026-04-01,UTI001,88.5,65.3,50488,86.1,85.1
2026-04-01,UTI002,92.6,18.8,60531,82.7,79.3
2026-04-01,UTI003,93.1,33.0,54425,90.4,24.9
2026-04-01,UTI004,58.1,40.1,31631,73.0,17.2
2026-04-01,UTI005,85.5,59.4,68032,67.0,42.6
2026-04-01,UTI006,43.5,24.4,167169,65.3,75.6
2026-04-01,UTI007,71.1,80.7,138180,97.5,18.2
2026-04-01,UTI008,93.3,60.0,147902,83.8,82.8
2026-04-01,UTI009,63.4,42.7,7462,96.1,67.1
2026-04-01,UTI010,96.8,75.2,72144,85.4,46.6
2026-04-01,UTI011,69.5,66.5,8600,83.6,35.8
2026-04-01,UTI012,92.1,68.4,14143,88.6,25.9
2026-04-01,UTI013,75.5,35.3,154724,76.7,9.3
2026-04-01,UTI014,70.1,18.2,5390,95.8,46.9
2026-04-01,UTI015,89.4,80.8,4948,90.8,10.3
2026-04-01,UTI016,75.7,27.1,10765,79.0,59.1
2026-04-01,UTI017,50.7,32.2,24889,72.0,33.2
2026-04-01,UTI018,83.2,51.8,6888,95.7,11.9
2026-04-01,UTI019,40.7,20.6,183391,98.5,41.8
2026-04-01,UTI020,67.3,53.3,39788,90.9,93.9
2026-04-01,UTI021,46.4,37.6,158035,84.7,23.4
2026-04-01,UTI022,89.2,33.5,70475,71.7,45.1
2026-04-01,UTI023,54.3,51.1,65552,78.4,52.9
2026-04-01,UTI024,86.3,21.2,162882,65.6,64.6
2026-04-01,UTI025,61.0,34.9,15849,87.4,22.5
2026-04-01,UTI026,41.8,78.3,25908,85.3,65.5
2026-04-01,UTI027,90.3,49.5,59667,94.6,41.0
2026-04-01,UTI028,78.0,60.7,154687,63.7,26.6
2026-04-01,UTI029,90.3,37.2,157143,96.0,86.9
2026-04-01,UTI030,96.9,62.9,181104,80.1,78.4
2026-04-01,UTI031,44.8,67.4,114597,75.2,16.4
2026-04-01,UTI032,66.0,39.9,23850,77.4,55.7
2026-04-01,UTI033,44.6,49.4,61827,83.5,35.0
2026-04-01,UTI034,91.1,26.3,128268,66.6,33.0
2026-04-01,UTI035,93.3,32.2,6353,77.4,23.9
2026-04-01,UTI036,93.1,27.9,119169,67.7,85.3
2026-04-02,UTI001,69.1,56.7,56310,62.4,15.2
2026-04-02,UTI002,62.0,40.0,125013,93.7,60.3
2026-04-02,UTI003,54.1,32.0,23410,65.1,68.7
2026-04-02,UTI004,94.1,57.4,33669,83.0,10.5
2026-04-02,UTI005,55.5,32.7,83887,78.7,87.2
2026-04-02,UTI006,53.4,52.6,164194,90.0,9.7
2026-04-02,UTI007,44.2,32.5,130063,74.3,42.0
2026-04-02,UTI008,92.6,28.3,145222,66.6,65.8
2026-04-02,UTI009,58.6,50.7,17481,92.9,44.7
2026-04-02,UTI010,87.7,30.4,135965,75.4,66.8
2026-04-02,UTI011,42.1,70.3,129689,62.4,26.4
2026-04-02,UTI012,41.2,18.3,151717,78.9,42.1
2026-04-02,UTI013,91.1,62.5,29091,65.8,38.8
2026-04-02,UTI014,60.1,75.0,134564,68.3,39.9
2026-04-02,UTI015,90.5,71.3,97984,77.6,88.4
2026-04-02,UTI016,64.0,27.6,179798,81.4,59.9
2026-04-02,UTI017,68.8,53.6,125726,93.6,91.2
2026-04-02,UTI018,64.0,80.0,8160,95.7,83.3
2026-04-02,UTI019,91.3,40.5,35619,63.4,65.5
2026-04-02,UTI020,52.9,49.8,15980,62.5,44.6
2026-04-02,UTI021,63.9,42.2,22567,78.7,45.9
2026-04-02,UTI022,78.0,26.4,43844,94.0,60.7
2026-04-02,UTI023,42.2,67.4,117208,98.8,48.1
2026-04-02,UTI024,88.8,57.5,115559,77.0,61.4
2026-04-02,UTI025,67.2,68.0,20337,94.0,67.4
2026-04-02,UTI026,64.5,50.9,145703,90.7,14.9
2026-04-02,UTI027,96.3,70.7,28021,75.9,40.6
2026-04-02,UTI028,96.1,35.5,29723,74.0,75.9
2026-04-02,UTI029,76.0,69.3,118831,94.1,11.3
2026-04-02,UTI030,65.2,32.0,39278,64.2,21.7
2026-04-02,UTI031,67.2,78.8,139318,78.9,62.6
2026-04-02,UTI032,61.5,79.7,13083,65.1,49.9
2026-04-02,UTI033,76.8,22.9,140372,76.2,54.6
2026-04-02,UTI034,62.6,40.1,150314,76.5,45.8
2026-04-02,UTI035,69.4,76.9,174169,75.8,77.3
2026-04-02,UTI036,50.0,66.8,78026,82.2,14.1
2026-04-03,UTI001,84.2,82.5,18758,65.5,91.8
2026-04-03,UTI002,74.3,44.7,103527,95.0,11.2
2026-04-03,UTI003,65.3,54.8,38215,95.9,17.9
2026-04-03,UTI004,67.7,68.4,151317,88.2,37.6
2026-04-03,UTI005,63.9,66.3,4653,84.2,72.1
2026-04-03,UTI006,51.2,57.8,76892,78.4,58.9
2026-04-03,UTI007,93.0,44.0,24439,77.2,31.3
2026-04-03,UTI008,58.0,57.4,87750,85.7,37.3
2026-04-03,UTI009,96.3,41.1,34601,89.2,29.4
2026-04-03,UTI010,74.1,63.6,33561,95.8,43.5
2026-04-03,UTI011,57.6,19.2,28405,94.2,48.5
2026-04-03,UTI012,53.3,47.6,173470,86.7,78.1
2026-04-03,UTI013,72.1,69.8,121407,94.4,45.1
2026-04-03,UTI014,50.4,25.1,143334,72.1,91.4
2026-04-03,UTI015,91.5,80.0,21025,94.7,48.4
2026-04-03,UTI016,55.8,38.5,49370,96.6,32.5
2026-04-03,UTI017,42.5,41.5,5462,72.3,57.5
2026-04-03,UTI018,59.4,74.5,72192,95.5,23.1
2026-04-03,UTI019,52.3,28.3,41331,97.2,79.7
2026-04-03,UTI020,96.1,82.9,76377,90.8,65.7
2026-04-03,UTI021,88.6,61.4,16366,92.5,57.5
2026-04-03,UTI022,63.5,22.7,176995,84.3,23.0
2026-04-03,UTI023,47.6,45.7,32691,69.6,77.3
2026-04-03,UTI024,73.6,78.5,50250,79.4,86.1
2026-04-03,UTI025,64.5,43.1,10413,88.4,27.1
2026-04-03,UTI026,50.8,45.7,177070,62.6,58.6
2026-04-03,UTI027,70.4,33.3,74956,88.9,41.0
2026-04-03,UTI028,81.9,30.4,112089,73.8,13.0
2026-04-03,UTI029,42.7,68.3,73708,97.0,29.3
2026-04-03,UTI030,92.0,64.8,80201,83.3,43.1
2026-04-03,UTI031,93.9,79.1,145180,95.7,53.8
2026-04-03,UTI032,55.9,24.9,136170,68.7,76.1
2026-04-03,UTI033,80.8,59.1,131265,87.6,22.8
2026-04-03,UTI034,40.9,41.8,125517,68.6,8.6
2026-04-03,UTI035,47.0,43.5,50994,83.4,64.1
2026-04-03,UTI036,97.0,31.1,151331,93.4,33.0
2026-04-04,UTI001,49.7,29.7,45057,92.5,23.6
2026-04-04,UTI002,41.2,59.2,32416,65.3,90.9
2026-04-04,UTI003,81.2,34.8,43275,91.5,68.6
2026-04-04,UTI004,57.3,59.9,184301,94.6,86.6
2026-04-04,UTI005,54.0,23.0,180987,71.6,59.0
2026-04-04,UTI006,58.3,62.8,88817,94.9,63.8
2026-04-04,UTI007,63.9,63.2,95796,84.8,62.2
2026-04-04,UTI008,54.6,37.4,157603,93.5,25.3
2026-04-04,UTI009,46.0,44.3,88924,94.5,63.4
2026-04-04,UTI010,84.9,19.0,62657,78.9,75.6
2026-04-04,UTI011,48.4,83.1,98902,67.3,89.8
2026-04-04,UTI012,69.0,21.5,154032,64.4,11.3
2026-04-04,UTI013,47.9,53.2,130582,67.1,61.7
2026-04-04,UTI014,63.6,66.9,27157,71.1,45.2
2026-04-04,UTI015,58.5,65.9,145680,87.8,67.9
2026-04-04,UTI016,94.5,19.1,123129,69.5,13.5
2026-04-04,UTI017,68.8,27.3,127003,87.7,62.5
2026-04-04,UTI018,65.0,63.4,91353,76.1,15.5
2026-04-04,UTI019,53.4,25.8,134891,98.3,12.3
2026-04-04,UTI020,50.9,65.9,166050,80.9,64.5
2026-04-04,UTI021,74.7,63.5,135200,84.0,48.0
2026-04-04,UTI022,77.6,49.1,103615,74.7,83.5
2026-04-04,UTI023,91.9,70.5,159114,79.1,37.9
2026-04-04,UTI024,45.9,58.2,16262,77.4,13.3
2026-04-04,UTI025,40.9,31.8,82120,95.7,40.5
2026-04-04,UTI026,91.1,77.0,75264,71.0,10.7
2026-04-04,UTI027,52.0,35.1,77983,78.1,36.0
2026-04-04,UTI028,50.6,30.1,43261,88.5,51.2
2026-04-04,UTI029,73.3,36.8,159512,93.2,76.1
2026-04-04,UTI030,84.6,39.4,101998,97.6,14.4
2026-04-04,UTI031,93.5,58.3,19752,79.0,72.9
2026-04-04,UTI032,61.6,69.2,106733,89.5,37.1
2026-04-04,UTI033,85.9,46.2,81825,86.4,20.6
2026-04-04,UTI034,61.3,81.4,72243,87.3,49.1
2026-04-04,UTI035,50.0,43.8,119488,66.5,81.3
2026-04-04,UTI036,70.7,69.8,145570,66.7,61.4
2026-04-05,UTI001,77.0,39.3,118333,63.1,48.3
2026-04-05,UTI002,53.5,24.0,46933,82.5,67.8
2026-04-05,UTI003,50.8,57.2,46312,74.4,18.0
2026-04-05,UTI004,88.0,66.7,19953,64.0,59.3
2026-04-05,UTI005,63.2,60.1,78035,83.4,40.7
2026-04-05,UTI006,41.1,68.3,42649,81.2,75.7
2026-04-05,UTI007,73.7,30.6,17192,84.8,48.3
2026-04-05,UTI008,81.7,62.7,17708,68.7,8.6
2026-04-05,UTI009,57.1,40.5,166086,90.4,58.9
2026-04-05,UTI010,76.6,51.3,11005,83.3,16.5
2026-04-05,UTI011,74.4,66.9,94113,64.4,80.2
2026-04-05,UTI012,51.1,58.4,184364,82.2,30.5
2026-04-05,UTI013,90.5,67.5,165136,76.2,19.2
2026-04-05,UTI014,76.2,82.2,120215,97.9,67.3
2026-04-05,UTI015,73.5,78.6,103317,98.0,60.5
2026-04-05,UTI016,67.5,23.9,162906,68.8,76.5
2026-04-05,UTI017,68.7,67.3,35928,71.4,79.0
2026-04-05,UTI018,55.3,62.4,24945,65.9,48.1
2026-04-05,UTI019,53.7,19.9,179455,72.1,52.8
2026-04-05,UTI020,74.0,25.1,175844,71.8,26.5
2026-04-05,UTI021,57.2,75.4,130923,62.1,77.7
2026-04-05,UTI022,65.6,28.2,69957,68.6,26.8
2026-04-05,UTI023,43.7,74.6,151325,73.6,90.3
2026-04-05,UTI024,45.0,79.1,164023,97.9,10.7
2026-04-05,UTI025,73.1,33.1,176516,96.1,13.6
2026-04-05,UTI026,74.2,38.2,90871,91.1,10.0
2026-04-05,UTI027,42.4,44.3,62053,83.8,72.4
2026-04-05,UTI028,43.0,52.0,4754,77.9,15.4
2026-04-05,UTI029,68.5,49.1,72397,72.3,30.3
2026-04-05,UTI030,94.2,60.8,131541,64.3,68.5
2026-04-05,UTI031,75.2,39.9,131980,79.7,83.5
2026-04-05,UTI032,59.5,62.1,113723,76.8,92.4
2026-04-05,UTI033,62.1,31.7,106431,86.8,43.2
2026-04-05,UTI034,94.5,68.8,115376,64.6,34.9
2026-04-05,UTI035,63.5,37.2,167120,65.3,69.4
2026-04-05,UTI036,60.8,20.3,132042,83.2,16.4
2026-04-06,UTI001,51.2,60.8,61210,70.0,18.5
2026-04-06,UTI002,85.5,36.5,133697,79.7,79.2
2026-04-06,UTI003,56.0,36.0,110652,89.6,68.7
2026-04-06,UTI004,41.2,57.9,40901,85.7,10.2
2026-04-06,UTI005,87.1,42.2,31846,86.8,45.6
2026-04-06,UTI006,49.5,80.4,128867,91.5,53.7
2026-04-06,UTI007,75.3,67.9,183100,91.0,62.2
2026-04-06,UTI008,76.2,44.0,31195,80.8,50.3
2026-04-06,UTI009,62.6,45.5,141162,92.3,53.9
2026-04-06,UTI010,84.1,75.6,177282,87.2,72.3
2026-04-06,UTI011,43.8,41.6,18679,84.1,78.3
2026-04-06,UTI012,92.3,41.6,81361,73.2,16.9
2026-04-06,UTI013,77.2,33.8,48248,87.7,77.7
2026-04-06,UTI014,58.0,77.6,58356,64.3,88.0
2026-04-06,UTI015,96.1,25.5,98250,68.6,92.0
2026-04-06,UTI016,59.3,70.1,59237,65.0,51.1
2026-04-06,UTI017,46.2,23.5,108143,79.2,18.8
2026-04-06,UTI018,86.4,56.7,138996,66.4,31.1
2026-04-06,UTI019,59.2,64.3,31570,82.7,53.0
2026-04-06,UTI020,65.3,66.1,110339,74.6,70.1
2026-04-06,UTI021,74.6,74.9,40604,64.1,23.4
2026-04-06,UTI022,71.8,43.9,152895,76.7,32.2
2026-04-06,UTI023,92.0,30.4,12072,95.0,54.5
2026-04-06,UTI024,95.1,27.2,41587,90.2,84.7
2026-04-06,UTI025,61.9,63.2,171730,93.7,37.1
2026-04-06,UTI026,45.5,21.3,10942,81.2,16.7
2026-04-06,UTI027,95.0,26.3,88467,65.8,74.5
2026-04-06,UTI028,85.9,75.0,119283,91.8,53.5
2026-04-06,UTI029,88.5,49.9,98789,64.6,42.3
2026-04-06,UTI030,95.6,26.9,46470,73.0,42.2
2026-04-06,UTI031,80.8,24.1,3999,74.4,32.4
2026-04-06,UTI032,51.9,60.8,66755,63.4,14.2
2026-04-06,UTI033,77.2,48.9,116834,81.8,12.3
2026-04-06,UTI034,50.8,39.5,160046,73.0,21.2
2026-04-06,UTI035,58.9,82.1,18450,84.8,66.1
2026-04-06,UTI036,81.0,65.2,54479,76.1,46.5
2026-04-07,UTI001,81.2,40.3,165848,66.0,14.1
2026-04-07,UTI002,69.6,80.0,122335,62.4,70.4
2026-04-07,UTI003,55.1,56.8,59324,79.2,9.0
2026-04-07,UTI004,81.6,63.1,10094,84.4,72.4
2026-04-07,UTI005,62.4,48.5,79794,96.7,52.1
2026-04-07,UTI006,55.1,62.0,41716,72.6,86.6
2026-04-07,UTI007,47.0,50.3,90498,77.1,79.0
2026-04-07,UTI008,80.8,72.8,33524,90.1,40.1
2026-04-07,UTI009,85.5,50.4,18323,68.9,41.0
2026-04-07,UTI010,96.9,59.1,49205,86.9,93.2
2026-04-07,UTI011,64.5,83.7,52386,83.2,82.3
2026-04-07,UTI012,67.3,81.8,168206,76.9,22.2
2026-04-07,UTI013,45.3,23.7,7719,63.9,60.2
2026-04-07,UTI014,61.4,25.3,130958,90.2,83.0
2026-04-07,UTI015,93.3,69.9,155092,92.5,46.7
2026-04-07,UTI016,95.8,47.5,23659,91.6,45.3
2026-04-07,UTI017,55.3,66.4,128219,67.5,31.1
2026-04-07,UTI018,47.6,67.6,168495,89.9,86.7
2026-04-07,UTI019,60.4,62.7,153399,68.4,60.5
2026-04-07,UTI020,73.0,22.6,72788,78.0,84.1
2026-04-07,UTI021,70.8,73.2,182691,84.2,42.9
2026-04-07,UTI022,85.0,74.6,109340,91.3,9.6
2026-04-07,UTI023,80.2,40.0,125476,75.7,38.8
2026-04-07,UTI024,84.4,77.2,81141,81.4,78.1
2026-04-07,UTI025,76.0,54.0,109026,76.2,83.4
2026-04-07,UTI026,79.1,30.3,53405,91.8,93.3
2026-04-07,UTI027,71.5,23.0,10141,96.1,73.7
2026-04-07,UTI028,84.3,33.7,63937,77.0,20.8
2026-04-07,UTI029,63.5,19.8,62802,91.7,12.4
2026-04-07,UTI030,62.5,50.0,86207,95.0,42.3
2026-04-07,UTI031,93.8,20.7,149767,97.0,69.6
2026-04-07,UTI032,64.7,40.1,52469,95.9,19.8
2026-04-07,UTI033,79.6,26.1,58589,66.3,38.8
2026-04-07,UTI034,75.9,47.2,102263,81.1,35.5
2026-04-07,UTI035,83.6,39.1,2080,84.8,51.4
2026-04-07,UTI036,65.6,51.5,126900,69.2,76.2
2026-04-08,UTI001,50.7,57.7,20054,87.9,89.1
2026-04-08,UTI002,49.0,81.4,90942,99.0,71.4
2026-04-08,UTI003,84.7,76.5,107508,65.9,61.3
2026-04-08,UTI004,89.1,68.4,19864,81.4,43.3
2026-04-08,UTI005,90.3,48.8,35629,72.0,90.4
2026-04-08,UTI006,62.8,75.3,120514,66.0,51.6
2026-04-08,UTI007,79.7,43.5,170160,71.3,43.4
2026-04-08,UTI008,49.9,28.2,22678,65.9,70.1
2026-04-08,UTI009,61.0,84.0,112705,63.5,29.0
2026-04-08,UTI010,77.3,49.5,34685,89.7,17.4
2026-04-08,UTI011,88.3,26.2,79478,77.0,50.2
2026-04-08,UTI012,78.9,43.3,25393,95.3,54.5
2026-04-08,UTI013,89.6,52.9,51513,94.1,44.6
2026-04-08,UTI014,51.3,59.3,20956,62.3,62.5
2026-04-08,UTI015,69.5,73.0,119835,67.1,9.7
2026-04-08,UTI016,89.5,46.9,162874,97.3,90.1
2026-04-08,UTI017,40.4,23.5,105660,88.6,67.2
2026-04-08,UTI018,77.1,23.9,141491,65.0,68.1
2026-04-08,UTI019,91.8,20.3,141949,91.5,32.4
2026-04-08,UTI020,90.2,34.6,172946,92.3,42.8
2026-04-08,UTI021,69.9,46.3,27673,63.1,71.2
2026-04-08,UTI022,60.9,50.8,77432,93.7,31.6
2026-04-08,UTI023,51.6,23.8,80550,65.1,23.0
2026-04-08,UTI024,67.7,62.3,114397,97.6,27.3
2026-04-08,UTI025,71.9,27.4,6122,91.6,69.4
2026-04-08,UTI026,83.3,29.3,16951,67.2,58.8
2026-04-08,UTI027,62.2,34.4,34997,65.8,50.8
2026-04-08,UTI028,42.0,34.4,8864,74.4,49.1
2026-04-08,UTI029,48.5,66.1,85078,80.3,18.0
2026-04-08,UTI030,86.1,50.2,182369,92.5,58.9
2026-04-08,UTI031,78.2,37.9,7274,85.5,26.0
2026-04-08,UTI032,55.7,57.3,46812,78.8,20.7
2026-04-08,UTI033,42.4,80.0,15281,64.9,85.6
2026-04-08,UTI034,48.5,63.3,18248,80.3,64.0
2026-04-08,UTI035,77.6,59.8,170456,81.3,9.1
2026-04-08,UTI036,46.3,42.1,112413,86.1,11.5
2026-04-09,UTI001,43.0,68.9,66554,89.5,42.7
2026-04-09,UTI002,68.2,34.7,123364,70.8,49.3
2026-04-09,UTI003,81.5,68.6,21684,76.6,87.8
2026-04-09,UTI004,74.2,22.6,175943,76.3,89.8
2026-04-09,UTI005,68.2,73.3,79264,70.0,70.4
2026-04-09,UTI006,58.2,35.4,162479,87.2,46.9
2026-04-09,UTI007,47.8,67.0,132327,70.6,70.7
2026-04-09,UTI008,86.2,37.8,33712,90.7,88.3
2026-04-09,UTI009,64.3,23.1,123953,85.8,67.8
2026-04-09,UTI010,40.7,40.4,146027,81.1,75.3
2026-04-09,UTI011,88.8,76.7,177794,76.0,43.1
2026-04-09,UTI012,58.6,22.8,35726,86.9,73.4
2026-04-09,UTI013,84.0,82.6,138531,78.5,60.7
2026-04-09,UTI014,93.9,24.2,54015,63.3,31.4
2026-04-09,UTI015,52.5,72.1,165637,63.5,10.0
2026-04-09,UTI016,68.3,41.7,90312,62.9,83.6
2026-04-09,UTI017,70.3,71.5,171776,87.6,35.3
2026-04-09,UTI018,50.6,32.8,154267,77.8,56.8
2026-04-09,UTI019,84.4,66.8,101644,78.5,60.5
2026-04-09,UTI020,83.9,19.2,143105,73.8,47.6
2026-04-09,UTI021,76.4,52.6,159715,92.5,36.5
2026-04-09,UTI022,83.9,59.5,14112,94.0,20.4
2026-04-09,UTI023,41.5,43.0,157745,65.3,9.3
2026-04-09,UTI024,77.8,63.5,60817,73.5,39.6
2026-04-09,UTI025,51.5,38.2,39239,91.9,17.9
2026-04-09,UTI026,83.5,30.3,112833,85.9,47.5
2026-04-09,UTI027,88.9,27.9,153828,92.0,77.1
2026-04-09,UTI028,51.9,43.1,10390,76.5,17.0
2026-04-09,UTI029,49.8,82.0,133122,64.1,65.7
2026-04-09,UTI030,72.3,25.1,115184,95.4,92.5
2026-04-09,UTI031,93.2,39.8,142501,85.5,63.5
2026-04-09,UTI032,95.6,70.6,88365,71.6,16.9
2026-04-09,UTI033,77.8,61.1,137598,87.0,11.6
2026-04-09,UTI034,48.5,82.3,3302,85.6,12.4
2026-04-09,UTI035,57.0,42.9,84480,83.4,76.4
2026-04-09,UTI036,94.0,59.9,16254,90.7,85.0
2026-04-10,UTI001,67.9,51.5,35874,94.7,46.3
2026-04-10,UTI002,50.0,76.0,50907,66.1,73.6
2026-04-10,UTI003,93.9,63.0,128854,94.7,57.5
2026-04-10,UTI004,90.4,44.8,129953,66.9,9.5
2026-04-10,UTI005,77.0,41.0,77918,86.7,14.3
2026-04-10,UTI006,52.9,37.2,66319,93.3,38.4
2026-04-10,UTI007,49.5,40.6,127101,75.9,93.3
2026-04-10,UTI008,94.6,51.7,173787,90.0,70.5
2026-04-10,UTI009,84.3,48.3,127108,62.9,78.0
2026-04-10,UTI010,72.8,54.1,25391,90.1,73.4
2026-04-10,UTI011,89.4,70.9,169907,95.2,84.1
2026-04-10,UTI012,84.3,58.3,150015,82.7,80.0
2026-04-10,UTI013,88.5,18.5,2490,74.0,44.4
2026-04-10,UTI014,51.9,24.6,47685,69.1,36.4
2026-04-10,UTI015,52.3,44.9,134451,63.2,29.2
2026-04-10,UTI016,44.5,54.4,9197,77.6,32.5
2026-04-10,UTI017,76.4,69.1,109614,87.4,85.3
2026-04-10,UTI018,42.8,79.2,96589,93.2,82.6
2026-04-10,UTI019,56.1,33.5,122831,82.5,58.9
2026-04-10,UTI020,81.1,40.9,142245,65.4,26.9
2026-04-10,UTI021,78.1,27.5,49905,76.2,14.7
2026-04-10,UTI022,73.6,66.2,13097,94.9,49.6
2026-04-10,UTI023,70.7,67.0,54074,73.8,54.7
2026-04-10,UTI024,83.6,83.9,100760,93.2,69.9
2026-04-10,UTI025,82.5,56.2,89138,85.8,70.9
2026-04-10,UTI026,62.1,71.7,172362,91.5,89.7
2026-04-10,UTI027,61.1,24.2,15615,82.9,92.8
2026-04-10,UTI028,82.3,29.4,162878,82.8,47.0
2026-04-10,UTI029,55.1,84.0,152175,76.9,63.6
2026-04-10,UTI030,46.9,70.8,166735,83.4,51.1
2026-04-10,UTI031,40.6,33.2,94683,90.2,49.2
2026-04-10,UTI032,64.2,82.3,148426,66.7,82.5
2026-04-10,UTI033,87.0,71.0,33724,94.0,51.1
2026-04-10,UTI034,49.4,54.6,109597,82.0,33.1
2026-04-10,UTI035,68.3,18.1,104681,83.2,73.9
2026-04-10,UTI036,79.2,42.4,9013,71.6,69.5
2026-04-11,UTI001,94.4,47.9,163898,95.7,51.9
2026-04-11,UTI002,90.2,81.4,40106,89.9,91.8
2026-04-11,UTI003,72.4,81.0,33796,80.7,56.6
2026-04-11,UTI004,56.5,83.2,169263,69.8,11.5
2026-04-11,UTI005,92.4,74.6,114708,88.5,18.7
2026-04-11,UTI006,44.7,47.9,99565,91.8,14.7
2026-04-11,UTI007,77.0,57.6,73736,73.4,93.9
2026-04-11,UTI008,76.3,40.8,7593,95.9,84.6
2026-04-11,UTI009,90.8,82.6,140285,67.1,34.0
2026-04-11,UTI010,61.9,46.6,165526,81.4,22.4
2026-04-11,UTI011,55.9,33.4,48214,71.2,36.6
2026-04-11,UTI012,89.8,67.3,55567,81.8,41.6
2026-04-11,UTI013,40.4,43.1,97365,88.4,17.7
2026-04-11,UTI014,60.8,81.7,57139,91.8,90.4
2026-04-11,UTI015,78.3,59.6,121884,90.8,83.9
2026-04-11,UTI016,90.1,41.9,167027,80.5,91.0
2026-04-11,UTI017,43.6,62.4,31225,73.7,66.8
2026-04-11,UTI018,84.2,43.3,5465,87.0,82.2
2026-04-11,UTI019,53.9,32.9,136156,70.6,30.6
2026-04-11,UTI020,95.6,37.0,60409,79.6,78.1
2026-04-11,UTI021,90.6,20.7,162805,93.6,74.2
2026-04-11,UTI022,52.7,65.6,29058,69.9,64.9
2026-04-11,UTI023,57.8,54.8,93781,82.9,36.7
2026-04-11,UTI024,66.2,54.9,73071,93.0,90.8
2026-04-11,UTI025,75.0,40.3,73809,81.3,46.3
2026-04-11,UTI026,43.2,23.5,15334,63.7,29.8
2026-04-11,UTI027,56.7,24.6,146244,73.2,52.7
2026-04-11,UTI028,54.4,45.3,12235,85.0,45.8
2026-04-11,UTI029,64.0,45.1,46717,80.3,67.6
2026-04-11,UTI030,61.5,41.4,155639,77.9,66.9
2026-04-11,UTI031,45.0,69.2,132646,67.9,39.9
2026-04-11,UTI032,55.8,38.2,78553,62.8,47.8
2026-04-11,UTI033,66.5,60.3,51297,65.5,86.3
2026-04-11,UTI034,63.3,77.7,145323,70.0,86.7
2026-04-11,UTI035,69.2,67.9,46930,63.2,51.2
2026-04-11,UTI036,60.4,47.3,6522,93.9,64.5
2026-04-12,UTI001,42.7,77.1,158963,91.5,58.2
2026-04-12,UTI002,77.3,27.5,2742,68.7,10.3
2026-04-12,UTI003,94.1,41.8,108114,74.8,36.2
2026-04-12,UTI004,83.1,74.7,122947,86.7,65.6
2026-04-12,UTI005,54.9,39.2,166542,85.0,64.7
2026-04-12,UTI006,71.7,25.6,94091,81.0,78.6
2026-04-12,UTI007,72.2,26.2,69987,95.1,25.2
2026-04-12,UTI008,76.3,36.6,9676,71.6,71.2
2026-04-12,UTI009,76.7,66.0,104027,89.8,40.3
2026-04-12,UTI010,75.6,49.0,11986,78.4,8.4
2026-04-12,UTI011,84.3,44.3,17348,87.5,82.6
2026-04-12,UTI012,44.1,39.9,29005,97.0,12.0
2026-04-12,UTI013,75.0,48.5,49058,79.4,56.3
2026-04-12,UTI014,51.2,50.6,31906,74.0,45.6
2026-04-12,UTI015,87.9,18.9,178433,80.7,40.2
2026-04-12,UTI016,61.9,70.2,23985,90.7,92.1
2026-04-12,UTI017,78.3,19.6,98308,88.8,66.3
2026-04-12,UTI018,58.7,23.2,122809,85.6,17.9
2026-04-12,UTI019,78.7,75.4,76996,63.5,77.7
2026-04-12,UTI020,93.5,82.6,177227,78.6,52.3
2026-04-12,UTI021,78.4,73.2,109338,95.2,18.3
2026-04-12,UTI022,68.0,67.4,144432,88.6,83.0
2026-04-12,UTI023,63.1,52.7,141320,97.0,54.1
2026-04-12,UTI024,78.2,49.9,80822,90.7,47.2
2026-04-12,UTI025,77.4,77.9,154666,85.0,53.0
2026-04-12,UTI026,42.2,29.2,146386,69.0,91.8
2026-04-12,UTI027,45.4,24.1,139598,67.0,75.2
2026-04-12,UTI028,95.2,70.0,176595,94.0,26.3
2026-04-12,UTI029,40.2,38.1,110831,88.5,19.2
2026-04-12,UTI030,76.2,68.0,96369,76.7,15.5
2026-04-12,UTI031,84.2,20.8,32167,66.1,72.9
2026-04-12,UTI032,81.0,52.6,62094,75.4,33.6
2026-04-12,UTI033,94.9,63.0,148614,82.9,45.2
2026-04-12,UTI034,46.4,36.5,59392,75.1,33.9
2026-04-12,UTI035,81.4,66.5,83244,70.7,64.8
2026-04-12,UTI036,73.3,44.2,111541,79.2,78.2
2026-04-13,UTI001,83.9,36.0,89157,81.2,64.1
2026-04-13,UTI002,66.1,58.4,63745,96.7,22.9
2026-04-13,UTI003,68.1,67.9,51836,67.9,30.2
2026-04-13,UTI004,89.3,20.6,82743,81.3,54.8
2026-04-13,UTI005,91.4,23.5,33370,67.8,76.2
2026-04-13,UTI006,89.9,83.6,34413,76.3,92.8
2026-04-13,UTI007,55.4,43.5,75280,93.7,81.4
2026-04-13,UTI008,68.6,38.0,151582,77.1,44.6
2026-04-13,UTI009,53.7,32.8,137776,79.4,33.2
2026-04-13,UTI010,47.0,50.1,37248,75.1,67.2
2026-04-13,UTI011,69.4,69.5,42273,98.7,82.6
2026-04-13,UTI012,43.2,67.7,151901,64.5,56.3
2026-04-13,UTI013,47.2,56.6,20547,73.4,55.1
2026-04-13,UTI014,74.1,48.4,23815,62.2,25.3
2026-04-13,UTI015,95.3,63.8,160470,81.5,40.0
2026-04-13,UTI016,83.4,44.6,172390,92.8,9.2
2026-04-13,UTI017,74.5,38.2,159314,86.5,77.0
2026-04-13,UTI018,88.9,38.1,144623,98.4,13.1
2026-04-13,UTI019,64.6,71.8,156687,92.4,27.5
2026-04-13,UTI020,93.0,78.7,28690,77.8,10.0
2026-04-13,UTI021,60.4,68.1,176898,84.9,25.0
2026-04-13,UTI022,69.5,65.5,179455,68.8,58.3
2026-04-13,UTI023,95.6,21.9,89601,85.6,70.1
2026-04-13,UTI024,59.7,73.5,121124,91.8,45.3
2026-04-13,UTI025,45.5,82.3,132130,63.3,92.1
2026-04-13,UTI026,83.9,33.3,160106,87.0,11.6
2026-04-13,UTI027,66.5,42.5,121382,91.1,81.2
2026-04-13,UTI028,65.1,55.9,5472,69.5,46.5
2026-04-13,UTI029,64.0,65.7,169917,73.9,17.9
2026-04-13,UTI030,92.6,74.1,93045,70.7,49.8
2026-04-13,UTI031,69.5,77.1,121341,74.4,60.8
2026-04-13,UTI032,59.0,28.5,26800,63.4,93.2
2026-04-13,UTI033,64.7,65.2,159335,93.2,84.6
2026-04-13,UTI034,80.6,81.8,32914,72.5,29.5
2026-04-13,UTI035,57.9,55.3,20442,85.1,93.4
2026-04-13,UTI036,43.9,24.9,53752,83.2,34.4
2026-04-14,UTI001,73.5,58.6,78278,91.8,22.8
2026-04-14,UTI002,57.3,78.9,154768,70.5,31.5
2026-04-14,UTI003,90.8,48.0,49347,80.0,49.2
2026-04-14,UTI004,76.0,69.2,22125,78.5,57.8
2026-04-14,UTI005,72.7,71.7,117064,88.2,43.9
2026-04-14,UTI006,52.1,74.8,152385,80.2,71.5
2026-04-14,UTI007,85.3,49.2,38461,78.0,34.9
2026-04-14,UTI008,72.4,26.1,80731,80.5,66.9
2026-04-14,UTI009,53.3,29.3,68732,86.7,66.1
2026-04-14,UTI010,72.5,68.6,83739,88.3,68.0
2026-04-14,UTI011,54.8,31.7,118623,88.2,76.6
2026-04-14,UTI012,55.6,68.3,10368,80.9,40.5
2026-04-14,UTI013,84.1,30.8,184399,69.8,15.0
2026-04-14,UTI014,66.9,73.1,67367,96.4,64.7
2026-04-14,UTI015,56.3,20.6,77330,79.1,39.4
2026-04-14,UTI016,57.1,61.3,14103,89.5,52.1
2026-04-14,UTI017,86.1,39.6,38655,75.4,61.9
2026-04-14,UTI018,58.4,54.2,126323,89.1,36.5
2026-04-14,UTI019,54.9,70.4,167129,78.6,28.8
2026-04-14,UTI020,54.7,80.2,76488,78.5,17.5
2026-04-14,UTI021,95.4,39.3,56533,64.8,26.7
2026-04-14,UTI022,63.9,25.9,56656,85.2,91.5
2026-04-14,UTI023,40.7,55.6,163066,98.7,85.3
2026-04-14,UTI024,46.2,60.6,81512,87.5,38.9
2026-04-14,UTI025,47.4,77.9,140240,76.7,32.1
2026-04-14,UTI026,51.0,29.2,159096,69.2,12.9
2026-04-14,UTI027,64.9,53.1,107034,67.4,62.5
2026-04-14,UTI028,95.8,37.9,176913,69.0,82.8
2026-04-14,UTI029,66.8,29.0,138795,94.4,45.8
2026-04-14,UTI030,87.4,71.2,54487,89.7,26.4
2026-04-14,UTI031,46.1,68.0,177096,71.7,91.2
2026-04-14,UTI032,84.0,68.6,2251,98.9,74.9
2026-04-14,UTI033,94.6,42.7,171146,65.2,9.9
2026-04-14,UTI034,53.7,48.8,177260,81.2,61.8
2026-04-14,UTI035,66.4,50.0,96831,77.8,69.0
2026-04-14,UTI036,51.3,64.5,23963,69.5,50.9
2026-04-15,UTI001,93.8,32.5,141521,74.6,44.2
2026-04-15,UTI002,69.3,31.1,144670,86.7,38.0
2026-04-15,UTI003,69.6,37.5,11190,78.9,81.5
2026-04-15,UTI004,40.8,54.4,22411,63.8,27.9
2026-04-15,UTI005,92.8,59.0,29987,94.7,56.1
2026-04-15,UTI006,63.9,33.2,153306,84.2,31.8
2026-04-15,UTI007,51.5,25.2,37891,76.9,68.1
2026-04-15,UTI008,73.3,79.5,80929,64.9,54.3
2026-04-15,UTI009,82.8,57.2,22169,69.6,93.7
2026-04-15,UTI010,71.0,18.0,58582,75.0,64.6
2026-04-15,UTI011,80.6,20.5,146046,90.9,77.3
2026-04-15,UTI012,43.9,73.0,129489,70.3,56.6
2026-04-15,UTI013,82.6,74.5,137486,71.3,44.3
2026-04-15,UTI014,45.8,20.3,181932,65.8,44.1
2026-04-15,UTI015,72.2,46.8,44268,98.5,70.2
2026-04-15,UTI016,86.7,19.4,3798,97.7,71.9
2026-04-15,UTI017,72.1,28.8,160295,85.2,56.6
2026-04-15,UTI018,73.0,37.2,58606,63.1,68.9
2026-04-15,UTI019,50.2,66.2,88718,82.7,58.2
2026-04-15,UTI020,87.1,50.3,11233,97.9,12.2
2026-04-15,UTI021,82.7,52.6,174463,66.6,74.9
2026-04-15,UTI022,78.1,76.4,178401,64.0,40.5
2026-04-15,UTI023,50.3,73.7,53763,73.3,93.5
2026-04-15,UTI024,55.3,79.3,25631,91.9,20.4
2026-04-15,UTI025,57.1,70.1,32571,67.8,78.0
2026-04-15,UTI026,52.8,39.6,92616,70.1,40.0
2026-04-15,UTI027,84.3,38.1,164902,78.0,79.1
2026-04-15,UTI028,69.8,51.9,125146,88.1,92.3
2026-04-15,UTI029,81.5,38.1,167082,95.6,56.2
2026-04-15,UTI030,48.7,61.9,46361,89.6,24.6
2026-04-15,UTI031,90.6,42.4,45826,68.2,79.9
2026-04-15,UTI032,51.1,50.9,153988,76.6,67.4
2026-04-15,UTI033,62.0,56.1,151054,72.8,72.4
2026-04-15,UTI034,66.7,28.4,150722,62.6,87.4
2026-04-15,UTI035,89.6,65.9,70869,83.8,26.8
2026-04-15,UTI036,40.0,44.0,31442,81.2,81.3
2026-04-16,UTI001,45.4,28.9,72150,64.1,85.7
2026-04-16,UTI002,94.8,44.9,131904,97.8,50.9
2026-04-16,UTI003,41.8,58.0,133519,83.1,52.0
2026-04-16,UTI004,72.5,67.4,112606,69.7,46.3
2026-04-16,UTI005,57.7,33.4,119911,83.2,11.6
2026-04-16,UTI006,49.9,20.8,175454,89.4,23.6
2026-04-16,UTI007,56.0,45.1,47447,65.2,49.4
2026-04-16,UTI008,70.4,70.4,35037,87.5,15.1
2026-04-16,UTI009,60.4,50.3,60858,69.5,85.4
2026-04-16,UTI010,76.8,43.1,131884,81.3,46.4
2026-04-16,UTI011,72.7,26.9,163119,73.3,82.8
2026-04-16,UTI012,63.5,48.6,27326,66.4,37.6
2026-04-16,UTI013,69.0,47.8,138581,71.1,67.3
2026-04-16,UTI014,76.0,63.7,75004,94.3,70.4
2026-04-16,UTI015,43.3,31.8,96053,69.5,22.7
2026-04-16,UTI016,51.9,55.1,91013,62.3,33.7
2026-04-16,UTI017,91.0,34.2,35378,93.9,65.0
2026-04-16,UTI018,82.0,81.8,120479,65.2,68.8
2026-04-16,UTI019,41.0,54.3,103780,84.3,76.4
2026-04-16,UTI020,80.3,24.6,24266,93.7,52.6
2026-04-16,UTI021,71.3,43.3,89005,80.6,92.7
2026-04-16,UTI022,50.5,38.7,22715,72.9,22.6
2026-04-16,UTI023,43.5,80.1,167978,94.9,32.9
2026-04-16,UTI024,89.9,20.9,3911,96.6,25.1
2026-04-16,UTI025,43.4,33.8,27108,87.5,68.3
2026-04-16,UTI026,77.2,43.3,30005,75.6,52.7
2026-04-16,UTI027,48.2,19.3,128036,93.0,49.4
2026-04-16,UTI028,90.6,19.1,22653,73.6,23.4
2026-04-16,UTI029,76.3,28.6,54088,71.4,76.3
2026-04-16,UTI030,91.8,49.4,126819,94.1,51.5
2026-04-16,UTI031,59.9,51.1,44517,70.9,68.8
2026-04-16,UTI032,77.3,64.7,4884,82.1,90.8
2026-04-16,UTI033,73.0,45.9,10969,73.0,60.5
2026-04-16,UTI034,77.5,30.4,150782,82.9,78.1
2026-04-16,UTI035,71.9,46.1,16766,73.7,51.3
2026-04-16,UTI036,89.9,83.9,88694,86.1,13.4
2026-04-17,UTI001,64.2,50.1,69026,80.8,22.0
2026-04-17,UTI002,60.1,69.5,20025,73.0,50.5
2026-04-17,UTI003,62.1,52.9,7155,64.7,42.4
2026-04-17,UTI004,40.6,23.6,57901,72.8,28.2
2026-04-17,UTI005,56.2,34.7,51746,85.8,14.7
2026-04-17,UTI006,90.4,58.6,85245,68.0,42.3
2026-04-17,UTI007,43.3,22.0,86994,66.1,69.9
2026-04-17,UTI008,78.9,24.9,68107,70.9,46.5
2026-04-17,UTI009,48.2,36.4,21471,71.5,26.3
2026-04-17,UTI010,60.2,41.0,17761,74.5,19.8
2026-04-17,UTI011,43.7,59.4,99397,81.7,51.1
2026-04-17,UTI012,62.1,19.6,93398,84.3,64.6
2026-04-17,UTI013,47.7,26.9,49690,98.4,24.3
2026-04-17,UTI014,64.3,65.4,3510,62.7,24.5
2026-04-17,UTI015,85.6,76.5,161750,97.3,91.3
2026-04-17,UTI016,72.7,72.8,146096,75.8,69.7
2026-04-17,UTI017,42.4,43.9,66954,98.4,40.2
2026-04-17,UTI018,91.2,25.9,181061,72.2,24.7
2026-04-17,UTI019,69.6,29.1,178652,90.7,21.4
2026-04-17,UTI020,63.0,34.7,70178,71.3,92.9
2026-04-17,UTI021,72.6,77.9,184557,75.7,13.6
2026-04-17,UTI022,68.0,39.1,169990,90.9,54.1
2026-04-17,UTI023,56.3,41.7,62782,69.6,59.1
2026-04-17,UTI024,85.9,55.8,136375,92.8,51.2
2026-04-17,UTI025,47.8,43.4,93957,87.1,86.1
2026-04-17,UTI026,42.9,81.7,32105,90.1,75.0
2026-04-17,UTI027,85.0,59.5,25367,88.5,25.4
2026-04-17,UTI028,75.1,34.7,48762,83.6,72.1
2026-04-17,UTI029,49.9,44.6,42905,89.2,76.1
2026-04-17,UTI030,74.3,69.8,23453,84.1,57.0
2026-04-17,UTI031,49.8,71.4,160505,94.7,73.9
2026-04-17,UTI032,91.7,45.6,64050,70.9,39.9
2026-04-17,UTI033,55.6,42.1,70627,79.2,73.3
2026-04-17,UTI034,94.9,58.2,21606,96.1,8.4
2026-04-17,UTI035,55.0,52.7,59006,92.9,64.1
2026-04-17,UTI036,87.5,48.1,92995,81.1,47.3
2026-04-18,UTI001,75.4,22.7,92642,81.2,66.3
2026-04-18,UTI002,90.6,57.7,108143,67.8,64.3
2026-04-18,UTI003,89.2,44.0,149217,89.4,62.5
2026-04-18,UTI004,70.8,33.6,27140,70.9,16.5
2026-04-18,UTI005,69.2,76.2,173955,89.6,69.1
2026-04-18,UTI006,92.2,42.0,168052,92.1,68.0
2026-04-18,UTI007,93.9,75.8,96089,63.7,93.5
2026-04-18,UTI008,40.7,66.7,183092,76.0,46.0
2026-04-18,UTI009,96.3,60.9,8818,94.2,78.6
2026-04-18,UTI010,63.2,68.6,77540,63.3,82.6
2026-04-18,UTI011,94.3,57.7,77953,77.7,31.4
2026-04-18,UTI012,91.7,23.5,69557,79.8,49.1
2026-04-18,UTI013,86.3,77.2,151789,96.9,81.9
2026-04-18,UTI014,65.2,63.1,82394,68.1,22.7
2026-04-18,UTI015,71.0,34.7,180667,85.1,34.0
2026-04-18,UTI016,79.9,33.9,140143,82.4,22.0
2026-04-18,UTI017,59.3,78.8,79474,76.8,92.0
2026-04-18,UTI018,71.8,83.7,98775,74.9,56.6
2026-04-18,UTI019,65.8,39.8,156192,87.3,46.9
2026-04-18,UTI020,82.3,79.6,65533,77.0,69.4
2026-04-18,UTI021,41.7,71.1,116108,91.2,41.6
2026-04-18,UTI022,69.2,52.4,11784,78.2,13.9
2026-04-18,UTI023,60.0,43.1,6463,69.7,21.9
2026-04-18,UTI024,42.2,50.7,111663,96.3,20.4
2026-04-18,UTI025,75.6,51.6,12332,81.0,73.1
2026-04-18,UTI026,70.6,67.0,161693,88.8,93.6
2026-04-18,UTI027,87.7,52.0,67219,86.1,27.2
2026-04-18,UTI028,87.8,64.4,165093,94.7,39.5
2026-04-18,UTI029,53.7,52.4,19540,68.4,66.7
2026-04-18,UTI030,84.3,51.2,154365,70.2,30.3
2026-04-18,UTI031,94.7,37.9,45049,93.4,42.6
2026-04-18,UTI032,59.8,74.6,152596,68.2,46.8
2026-04-18,UTI033,92.2,67.6,88745,72.7,18.9
2026-04-18,UTI034,89.5,19.7,40570,83.9,92.3
2026-04-18,UTI035,92.0,40.1,170726,68.5,34.3
2026-04-18,UTI036,49.3,57.6,151784,84.7,81.9
2026-04-19,UTI001,60.5,60.0,13537,82.9,69.2
2026-04-19,UTI002,89.6,78.7,77111,95.3,76.9
2026-04-19,UTI003,84.3,25.1,166480,66.8,63.8
2026-04-19,UTI004,54.1,35.7,184163,91.2,70.7
2026-04-19,UTI005,93.0,60.0,84892,96.2,26.8
2026-04-19,UTI006,96.1,22.6,91674,90.4,65.2
2026-04-19,UTI007,67.7,81.4,14677,70.0,32.9
2026-04-19,UTI008,69.3,69.5,94252,75.8,55.6
2026-04-19,UTI009,45.1,59.1,39390,98.6,74.1
2026-04-19,UTI010,84.6,52.1,68713,86.7,91.4
2026-04-19,UTI011,60.1,33.1,149178,75.4,66.9
2026-04-19,UTI012,60.9,38.7,147365,64.1,77.6
2026-04-19,UTI013,90.2,70.1,173818,89.7,47.7
2026-04-19,UTI014,90.4,68.4,138681,75.9,35.6
2026-04-19,UTI015,88.6,76.6,18812,74.0,64.8
2026-04-19,UTI016,83.1,39.1,93269,64.3,41.2
2026-04-19,UTI017,49.2,25.6,117700,82.9,50.8
2026-04-19,UTI018,56.6,25.4,30723,93.3,37.3
2026-04-19,UTI019,69.7,37.2,63864,91.6,61.7
2026-04-19,UTI020,74.1,57.6,167937,87.7,83.2
2026-04-19,UTI021,76.0,53.0,144337,91.4,9.9
2026-04-19,UTI022,87.9,79.5,109938,63.9,26.4
2026-04-19,UTI023,45.7,71.9,101004,67.5,61.8
2026-04-19,UTI024,74.7,50.9,40205,82.9,13.1
2026-04-19,UTI025,91.8,34.5,53903,84.9,28.8
2026-04-19,UTI026,65.9,19.2,120536,80.5,89.5
2026-04-19,UTI027,60.6,52.4,165143,98.3,84.9
2026-04-19,UTI028,92.2,47.4,183145,76.2,23.7
2026-04-19,UTI029,49.7,83.9,51172,96.5,55.3
2026-04-19,UTI030,50.1,44.5,45978,80.4,54.1
2026-04-19,UTI031,51.8,24.4,9670,63.4,72.8
2026-04-19,UTI032,96.7,44.0,119762,77.7,77.4
2026-04-19,UTI033,47.7,21.7,25434,74.3,67.9
2026-04-19,UTI034,49.5,36.3,31837,76.2,49.8
2026-04-19,UTI035,94.7,66.9,107533,64.6,11.5
2026-04-19,UTI036,83.9,76.4,129642,66.2,39.4
2026-04-20,UTI001,62.1,39.9,97953,83.0,29.4
2026-04-20,UTI002,46.3,78.2,26881,73.2,42.7
2026-04-20,UTI003,95.8,67.2,79827,87.1,45.6
2026-04-20,UTI004,95.1,70.2,41744,74.2,69.4
2026-04-20,UTI005,57.9,79.4,35352,98.7,84.0
2026-04-20,UTI006,84.4,65.0,26885,69.2,59.4
2026-04-20,UTI007,96.6,77.1,50750,73.1,37.0
2026-04-20,UTI008,41.5,82.5,142766,73.8,31.8
2026-04-20,UTI009,50.2,77.9,119460,95.3,29.5
2026-04-20,UTI010,76.7,71.1,19494,66.6,86.1
2026-04-20,UTI011,84.5,18.5,31197,92.3,21.2
2026-04-20,UTI012,50.1,44.6,116286,77.1,59.8
2026-04-20,UTI013,44.8,28.2,64408,90.3,45.6
2026-04-20,UTI014,84.7,70.0,56652,66.8,25.3
2026-04-20,UTI015,46.7,28.8,173440,79.4,25.5
2026-04-20,UTI016,67.2,46.9,34494,92.6,43.4
2026-04-20,UTI017,88.5,60.9,128719,89.8,34.2
2026-04-20,UTI018,70.3,54.3,10890,67.5,28.7
2026-04-20,UTI019,44.8,51.1,21971,63.4,55.2
2026-04-20,UTI020,92.5,44.5,142132,75.0,49.0
2026-04-20,UTI021,43.8,49.9,5566,64.2,24.6
2026-04-20,UTI022,71.4,36.6,83215,90.6,85.1
2026-04-20,UTI023,50.1,58.8,60963,80.4,46.8
2026-04-20,UTI024,92.4,56.3,65244,85.3,83.9
2026-04-20,UTI025,87.7,44.7,96950,96.7,75.1
2026-04-20,UTI026,57.7,23.0,61683,94.0,82.9
2026-04-20,UTI027,87.2,78.2,111013,83.8,36.1
2026-04-20,UTI028,82.4,35.6,138360,73.9,54.0
2026-04-20,UTI029,96.3,70.9,113773,78.1,16.6
2026-04-20,UTI030,48.2,69.0,138792,72.1,44.7
2026-04-20,UTI031,52.8,48.6,165626,63.2,36.0
2026-04-20,UTI032,84.3,54.8,78322,79.3,90.6
2026-04-20,UTI033,82.1,42.0,65558,70.5,92.4
2026-04-20,UTI034,61.5,77.9,95993,68.7,75.9
2026-04-20,UTI035,74.0,34.5,143716,72.8,90.3
2026-04-20,UTI036,74.3,80.2,171558,87.9,71.9
2026-04-21,UTI001,47.1,72.7,138981,65.5,46.0
2026-04-21,UTI002,50.3,80.1,121435,93.8,25.5
2026-04-21,UTI003,59.3,71.8,26563,67.5,39.7
2026-04-21,UTI004,57.9,80.1,111429,70.0,23.4
2026-04-21,UTI005,77.8,55.2,40582,93.7,74.6
2026-04-21,UTI006,48.5,26.2,160861,92.2,78.5
2026-04-21,UTI007,74.5,62.5,61515,80.4,24.7
2026-04-21,UTI008,73.8,38.4,11251,85.3,90.9
2026-04-21,UTI009,42.9,77.3,73614,95.4,39.9
2026-04-21,UTI010,84.0,62.6,60163,85.7,85.0
2026-04-21,UTI011,56.2,22.3,27672,65.1,16.1
2026-04-21,UTI012,61.8,56.5,103610,65.7,8.2
2026-04-21,UTI013,90.6,47.1,35989,83.3,53.1
2026-04-21,UTI014,55.6,26.4,55910,63.0,92.4
2026-04-21,UTI015,67.9,75.7,85440,66.7,42.5
2026-04-21,UTI016,54.2,81.6,79180,76.2,64.9
2026-04-21,UTI017,80.3,70.8,132891,62.6,72.4
2026-04-21,UTI018,69.1,18.3,116758,89.7,14.5
2026-04-21,UTI019,94.1,70.0,98394,63.7,48.8
2026-04-21,UTI020,82.7,72.1,163257,87.8,12.3
2026-04-21,UTI021,87.1,47.7,82617,73.6,38.2
2026-04-21,UTI022,91.1,32.5,165263,85.6,87.6
2026-04-21,UTI023,93.2,19.7,40927,89.2,68.1
2026-04-21,UTI024,62.0,39.2,28425,81.5,21.2
2026-04-21,UTI025,84.1,62.1,151196,62.9,34.7
2026-04-21,UTI026,70.3,72.3,140999,90.3,88.9
2026-04-21,UTI027,75.9,32.7,120547,64.9,28.2
2026-04-21,UTI028,95.7,81.6,114758,90.9,84.7
2026-04-21,UTI029,58.1,67.4,19574,75.4,67.3
2026-04-21,UTI030,40.7,83.9,10903,76.6,44.7
2026-04-21,UTI031,44.6,37.1,22273,87.2,87.1
2026-04-21,UTI032,69.8,18.8,81982,96.0,46.0
2026-04-21,UTI033,60.6,81.3,43297,87.7,19.3
2026-04-21,UTI034,75.7,47.7,61752,79.5,14.7
2026-04-21,UTI035,45.5,39.1,26010,62.0,91.5
2026-04-21,UTI036,90.3,25.8,155800,97.4,42.1
2026-04-22,UTI001,52.3,79.8,167282,66.7,22.7
2026-04-22,UTI002,88.8,55.0,23490,84.8,89.1
2026-04-22,UTI003,84.0,76.9,15147,74.5,39.8
2026-04-22,UTI004,89.2,58.8,184393,80.2,58.7
2026-04-22,UTI005,40.9,48.8,48017,71.7,43.5
2026-04-22,UTI006,64.6,82.8,14712,96.5,34.8
2026-04-22,UTI007,68.1,39.9,134857,76.7,13.9
2026-04-22,UTI008,70.2,38.6,60522,66.3,64.3
2026-04-22,UTI009,57.1,75.2,134170,79.5,77.5
2026-04-22,UTI010,60.9,52.2,118624,67.8,27.8
2026-04-22,UTI011,74.1,67.8,125946,75.2,43.8
2026-04-22,UTI012,87.0,63.7,80819,94.7,65.8
2026-04-22,UTI013,41.3,45.1,21555,72.1,57.4
2026-04-22,UTI014,78.1,49.3,23588,93.4,59.3
2026-04-22,UTI015,42.5,83.5,85133,86.7,45.9
2026-04-22,UTI016,86.5,79.6,42913,88.3,46.6
2026-04-22,UTI017,68.3,51.7,153825,83.6,51.1
2026-04-22,UTI018,80.7,73.0,24960,88.4,10.5
2026-04-22,UTI019,83.4,64.0,135601,62.6,83.4
2026-04-22,UTI020,49.0,25.4,140367,93.4,32.7
2026-04-22,UTI021,42.9,57.2,162057,62.4,65.5
2026-04-22,UTI022,65.5,78.9,150744,71.8,92.7
2026-04-22,UTI023,72.1,33.7,18297,68.0,14.8
2026-04-22,UTI024,74.1,49.6,166069,92.5,33.9
2026-04-22,UTI025,63.5,77.2,6181,77.7,81.0
2026-04-22,UTI026,90.8,48.0,81768,76.6,77.1
2026-04-22,UTI027,82.5,30.5,26639,84.8,27.1
2026-04-22,UTI028,74.2,66.4,175669,80.3,61.8
2026-04-22,UTI029,44.3,58.2,51031,79.3,16.0
2026-04-22,UTI030,76.8,22.3,18089,82.6,64.0
2026-04-22,UTI031,85.3,51.1,173095,74.8,43.3
2026-04-22,UTI032,62.7,59.3,129288,64.7,14.6
2026-04-22,UTI033,50.0,24.3,102766,89.7,31.9
2026-04-22,UTI034,60.3,69.3,124354,85.9,55.5
2026-04-22,UTI035,86.0,62.9,17888,97.2,59.6
2026-04-22,UTI036,46.2,42.0,105904,74.4,17.4
2026-04-23,UTI001,76.4,25.6,42027,95.0,62.1
2026-04-23,UTI002,58.7,83.2,79815,90.2,92.1
2026-04-23,UTI003,71.2,55.0,170300,64.0,48.8
2026-04-23,UTI004,77.3,57.8,165827,73.3,20.3
2026-04-23,UTI005,74.4,36.5,156001,86.7,49.4
2026-04-23,UTI006,82.8,77.8,121320,79.2,66.0
2026-04-23,UTI007,55.1,49.7,106835,92.2,64.5
2026-04-23,UTI008,77.2,21.0,81681,67.6,58.0
2026-04-23,UTI009,63.6,29.5,50146,94.8,75.9
2026-04-23,UTI010,54.1,54.7,66986,69.2,68.9
2026-04-23,UTI011,77.3,81.4,3492,91.5,86.1
2026-04-23,UTI012,71.1,76.4,120101,66.4,17.1
2026-04-23,UTI013,77.8,74.2,12541,91.1,22.6
2026-04-23,UTI014,78.5,67.1,182075,96.6,85.8
2026-04-23,UTI015,75.6,31.6,35634,84.8,24.4
2026-04-23,UTI016,72.3,60.9,71760,86.5,14.4
2026-04-23,UTI017,44.5,61.5,139221,64.9,48.3
2026-04-23,UTI018,63.1,60.6,99975,76.1,21.6
2026-04-23,UTI019,82.1,83.4,171089,66.6,72.3
2026-04-23,UTI020,61.8,30.2,1935,69.1,16.4
2026-04-23,UTI021,54.8,58.1,85871,95.4,19.8
2026-04-23,UTI022,69.8,75.5,117806,64.7,34.1
2026-04-23,UTI023,68.1,70.4,47166,62.1,59.0
2026-04-23,UTI024,66.5,70.1,10830,62.6,19.0
2026-04-23,UTI025,69.1,64.5,158628,74.7,87.2
2026-04-23,UTI026,77.5,30.7,71960,74.4,50.4
2026-04-23,UTI027,85.3,32.7,33634,64.2,10.9
2026-04-23,UTI028,71.1,69.7,2664,78.0,62.1
2026-04-23,UTI029,58.9,83.9,105756,71.8,62.8
2026-04-23,UTI030,62.0,35.5,21488,98.3,35.1
2026-04-23,UTI031,57.9,22.9,49542,83.9,19.2
2026-04-23,UTI032,80.9,19.9,141937,64.9,65.8
2026-04-23,UTI033,56.1,34.1,78565,84.3,11.7
2026-04-23,UTI034,63.6,21.7,51453,65.3,13.4
2026-04-23,UTI035,72.8,58.7,75524,84.1,28.7
2026-04-23,UTI036,40.2,27.3,156289,96.2,8.8
2026-04-24,UTI001,54.9,46.3,31728,76.7,14.4
2026-04-24,UTI002,40.7,71.1,34946,74.0,84.6
2026-04-24,UTI003,92.8,77.3,120266,89.2,9.3
2026-04-24,UTI004,68.4,46.5,87961,82.8,49.3
2026-04-24,UTI005,67.2,56.8,107764,68.3,90.8
2026-04-24,UTI006,60.9,63.7,55098,84.3,77.0
2026-04-24,UTI007,86.0,30.3,10394,71.4,52.0
2026-04-24,UTI008,61.6,73.9,12074,87.7,35.3
2026-04-24,UTI009,73.6,59.2,16239,79.6,8.0
2026-04-24,UTI010,87.6,58.2,35776,66.1,65.0
2026-04-24,UTI011,92.2,73.6,151639,75.5,33.8
2026-04-24,UTI012,61.9,44.2,132938,96.4,22.9
2026-04-24,UTI013,86.9,23.4,44067,86.9,90.3
2026-04-24,UTI014,57.2,60.1,106704,96.4,68.2
2026-04-24,UTI015,51.5,33.1,58151,87.8,68.8
2026-04-24,UTI016,73.3,75.3,150599,73.2,90.0
2026-04-24,UTI017,43.0,22.6,150251,72.7,45.6
2026-04-24,UTI018,43.6,29.7,160100,91.2,24.9
2026-04-24,UTI019,85.2,48.6,103019,94.8,58.4
2026-04-24,UTI020,69.6,71.9,133242,67.5,76.3
2026-04-24,UTI021,47.0,71.7,56245,81.5,65.2
2026-04-24,UTI022,95.7,71.6,32940,89.0,35.2
2026-04-24,UTI023,56.1,25.3,80857,77.1,30.7
2026-04-24,UTI024,41.4,25.5,47262,70.3,71.1
2026-04-24,UTI025,93.0,50.8,174485,89.4,50.6
2026-04-24,UTI026,86.7,40.8,145988,86.2,32.8
2026-04-24,UTI027,95.7,26.2,127128,67.7,54.1
2026-04-24,UTI028,59.7,54.6,89010,70.3,89.1
2026-04-24,UTI029,40.7,43.9,149067,98.2,61.9
2026-04-24,UTI030,42.2,59.3,94867,64.9,40.2
2026-04-24,UTI031,41.9,59.7,58259,78.7,83.1
2026-04-24,UTI032,59.7,38.4,160832,64.2,56.0
2026-04-24,UTI033,79.6,47.4,72315,95.8,35.6
2026-04-24,UTI034,61.2,21.3,62317,82.9,37.7
2026-04-24,UTI035,74.1,43.0,20811,79.6,25.9
2026-04-24,UTI036,91.1,32.4,177415,83.2,48.7
2026-04-25,UTI001,41.2,70.0,143622,88.4,18.4
2026-04-25,UTI002,41.6,77.8,73731,84.5,43.4
2026-04-25,UTI003,60.1,79.3,70974,71.5,90.9
2026-04-25,UTI004,84.1,30.8,3046,82.3,63.4
2026-04-25,UTI005,96.9,76.0,78711,88.7,37.3
2026-04-25,UTI006,62.3,78.2,41489,98.7,77.5
2026-04-25,UTI007,46.1,78.5,15440,88.7,24.9
2026-04-25,UTI008,76.8,35.6,64599,69.0,72.8
2026-04-25,UTI009,94.2,32.6,172887,62.4,36.9
2026-04-25,UTI010,64.6,59.8,108605,96.1,50.1
2026-04-25,UTI011,58.3,81.6,157721,80.7,8.2
2026-04-25,UTI012,95.9,18.9,66867,77.2,34.5
2026-04-25,UTI013,93.5,75.2,105238,65.6,79.7
2026-04-25,UTI014,57.2,59.3,115192,74.8,63.6
2026-04-25,UTI015,79.9,22.6,158977,79.0,58.3
2026-04-25,UTI016,92.9,45.0,61044,85.6,49.9
2026-04-25,UTI017,72.3,27.4,43750,79.9,79.1
2026-04-25,UTI018,85.7,50.2,171470,75.6,91.7
2026-04-25,UTI019,55.6,54.8,46606,64.1,60.0
2026-04-25,UTI020,71.1,40.5,102178,97.8,36.5
2026-04-25,UTI021,77.8,40.0,46700,89.7,76.8
2026-04-25,UTI022,78.5,29.1,153213,85.7,87.2
2026-04-25,UTI023,71.5,77.2,121678,68.5,69.9
2026-04-25,UTI024,91.9,39.8,90000,93.2,16.5
2026-04-25,UTI025,74.0,34.0,30280,75.5,34.4
2026-04-25,UTI026,93.5,32.2,11762,65.5,39.4
2026-04-25,UTI027,80.3,18.0,42851,96.7,47.2
2026-04-25,UTI028,94.8,31.1,150942,85.1,82.3
2026-04-25,UTI029,55.7,74.6,53434,80.0,21.6
2026-04-25,UTI030,79.6,71.8,88507,79.4,42.2
2026-04-25,UTI031,89.5,71.1,158254,82.4,75.4
2026-04-25,UTI032,48.2,65.6,132964,88.4,66.6
2026-04-25,UTI033,42.7,54.4,167045,75.3,71.8
2026-04-25,UTI034,47.6,70.5,119957,78.0,25.9
2026-04-25,UTI035,95.4,32.1,141780,77.0,12.8
2026-04-25,UTI036,51.4,51.2,128196,66.2,86.2
2026-04-26,UTI001,43.5,54.1,36457,66.1,28.7
2026-04-26,UTI002,78.7,81.8,62107,72.7,27.9
2026-04-26,UTI003,82.6,67.5,112074,91.4,24.6
2026-04-26,UTI004,77.4,59.5,137004,82.5,51.3
2026-04-26,UTI005,87.3,56.3,57683,64.4,73.1
2026-04-26,UTI006,67.2,46.7,46212,83.2,12.0
2026-04-26,UTI007,85.3,49.4,115050,64.4,30.1
2026-04-26,UTI008,88.9,71.7,147307,83.8,39.6
2026-04-26,UTI009,40.8,81.8,54261,93.5,60.8
2026-04-26,UTI010,78.6,70.7,121489,62.1,68.8
2026-04-26,UTI011,88.3,18.4,125429,63.7,76.8
2026-04-26,UTI012,75.5,25.2,116736,73.3,15.5
2026-04-26,UTI013,79.9,53.6,114726,96.9,38.7
2026-04-26,UTI014,52.9,41.5,119650,83.5,47.2
2026-04-26,UTI015,75.0,65.6,20535,63.8,62.5
2026-04-26,UTI016,88.1,44.1,123871,81.0,62.3
2026-04-26,UTI017,78.8,27.0,115657,76.3,25.4
2026-04-26,UTI018,46.2,64.8,21986,94.5,12.3
2026-04-26,UTI019,90.2,49.2,124634,92.8,86.3
2026-04-26,UTI020,74.2,31.3,84550,84.0,80.0
2026-04-26,UTI021,69.0,58.5,17064,94.1,90.9
2026-04-26,UTI022,53.7,45.7,156306,88.2,18.6
2026-04-26,UTI023,80.4,43.5,36658,71.8,64.1
2026-04-26,UTI024,76.8,57.7,123869,75.4,73.5
2026-04-26,UTI025,58.8,56.4,131472,76.9,70.3
2026-04-26,UTI026,67.6,57.1,47254,90.7,33.5
2026-04-26,UTI027,91.9,55.7,95191,84.6,18.1
2026-04-26,UTI028,57.4,31.9,175490,84.2,28.6
2026-04-26,UTI029,83.9,37.7,64272,70.4,72.9
2026-04-26,UTI030,66.7,53.7,102109,62.5,8.3
2026-04-26,UTI031,49.7,72.7,170774,87.7,64.5
2026-04-26,UTI032,48.4,54.7,173662,67.6,25.8
2026-04-26,UTI033,63.2,48.3,15093,89.5,47.0
2026-04-26,UTI034,50.1,78.3,100782,86.5,26.7
2026-04-26,UTI035,66.3,63.2,47791,74.3,88.6
2026-04-26,UTI036,95.9,38.0,50775,88.5,61.8
2026-04-27,UTI001,70.6,70.7,114973,83.5,36.1
2026-04-27,UTI002,69.0,79.3,46125,73.4,53.8
2026-04-27,UTI003,77.3,38.4,24803,90.8,65.9
2026-04-27,UTI004,41.1,28.6,81449,89.7,16.5
2026-04-27,UTI005,58.9,66.5,115064,65.6,31.4
2026-04-27,UTI006,54.9,58.0,182860,79.4,35.6
2026-04-27,UTI007,65.1,29.6,41579,66.3,31.3
2026-04-27,UTI008,57.2,45.3,144781,63.8,49.9
2026-04-27,UTI009,73.3,50.6,139666,95.5,65.3
2026-04-27,UTI010,53.4,26.9,153646,77.1,85.2
2026-04-27,UTI011,95.5,52.6,83712,92.6,9.0
2026-04-27,UTI012,77.7,45.0,2962,63.2,17.4
2026-04-27,UTI013,73.6,46.3,147729,71.7,12.9
2026-04-27,UTI014,63.8,69.0,54591,71.5,85.9
2026-04-27,UTI015,90.0,80.6,81453,96.9,65.5
2026-04-27,UTI016,89.1,48.8,175464,88.2,39.5
2026-04-27,UTI017,92.6,48.9,6392,75.7,45.1
2026-04-27,UTI018,66.4,78.2,152728,87.6,40.7
2026-04-27,UTI019,67.5,65.2,130050,81.7,68.3
2026-04-27,UTI020,80.5,18.7,102625,93.2,81.6
2026-04-27,UTI021,47.6,79.0,110729,97.5,39.4
2026-04-27,UTI022,90.5,31.7,104157,86.7,23.4
2026-04-27,UTI023,66.9,57.2,72632,78.3,43.4
2026-04-27,UTI024,52.0,78.2,47837,96.0,34.0
2026-04-27,UTI025,74.3,23.7,148052,87.7,54.8
2026-04-27,UTI026,80.5,77.1,22980,98.5,72.8
2026-04-27,UTI027,56.3,40.1,97328,81.0,69.5
2026-04-27,UTI028,46.8,40.0,42948,89.7,84.7
2026-04-27,UTI029,46.3,39.8,62946,70.7,45.3
2026-04-27,UTI030,68.5,65.6,117729,88.8,45.9
2026-04-27,UTI031,94.5,23.0,15654,88.7,42.4
2026-04-27,UTI032,65.8,55.4,36098,97.2,80.1
2026-04-27,UTI033,88.2,61.4,180184,64.6,17.2
2026-04-27,UTI034,96.6,23.1,54604,89.8,72.3
2026-04-27,UTI035,54.4,36.1,64654,96.8,10.4
2026-04-27,UTI036,84.9,61.0,134186,84.9,28.8
2026-04-28,UTI001,91.2,78.7,53302,76.5,51.0
2026-04-28,UTI002,84.0,36.9,168636,95.9,35.9
2026-04-28,UTI003,55.3,18.1,75441,72.5,82.4
2026-04-28,UTI004,64.3,69.1,61206,93.5,59.3
2026-04-28,UTI005,67.7,27.0,49178,85.5,60.9
2026-04-28,UTI006,79.8,25.8,94483,83.5,57.2
2026-04-28,UTI007,88.7,61.3,125415,70.2,48.8
2026-04-28,UTI008,83.3,65.3,113834,63.2,51.2
2026-04-28,UTI009,65.2,59.2,15198,80.4,44.3
2026-04-28,UTI010,42.3,83.5,143976,84.7,17.2
2026-04-28,UTI011,70.5,47.0,158003,97.6,83.7
2026-04-28,UTI012,63.6,76.0,79107,98.8,43.6
2026-04-28,UTI013,80.8,77.9,46947,80.8,50.5
2026-04-28,UTI014,69.4,47.5,177721,62.7,51.7
2026-04-28,UTI015,85.4,29.9,130008,89.1,44.2
2026-04-28,UTI016,96.1,59.4,135983,79.3,52.3
2026-04-28,UTI017,92.4,56.5,176214,79.6,61.6
2026-04-28,UTI018,79.1,71.6,107080,91.2,14.7
2026-04-28,UTI019,90.0,37.9,93998,98.0,68.0
2026-04-28,UTI020,65.9,18.1,114012,78.2,11.0
2026-04-28,UTI021,49.0,58.8,58450,77.2,89.5
2026-04-28,UTI022,64.5,30.9,163031,87.5,55.4
2026-04-28,UTI023,67.5,21.3,35428,85.4,29.9
2026-04-28,UTI024,76.1,19.5,123319,74.1,58.6
2026-04-28,UTI025,80.3,68.8,151055,88.7,37.5
2026-04-28,UTI026,63.4,30.3,30228,63.6,91.1
2026-04-28,UTI027,40.9,37.3,62737,98.6,83.9
2026-04-28,UTI028,49.9,27.6,119920,66.0,40.2
2026-04-28,UTI029,53.5,23.3,57258,91.8,17.3
2026-04-28,UTI030,84.6,79.0,20774,89.0,19.6
2026-04-28,UTI031,55.7,47.6,128893,89.5,66.6
2026-04-28,UTI032,96.8,56.7,46575,90.5,33.4
2026-04-28,UTI033,78.1,62.1,15342,73.3,24.9
2026-04-28,UTI034,72.1,44.8,180012,97.4,45.9
2026-04-28,UTI035,79.7,45.8,157444,72.9,31.8
2026-04-28,UTI036,52.7,57.2,36799,90.5,37.4
2026-04-29,UTI001,89.6,33.5,17180,86.3,52.3
2026-04-29,UTI002,61.8,29.9,40852,82.1,85.1
2026-04-29,UTI003,73.2,55.7,26336,78.8,79.9
2026-04-29,UTI004,92.3,74.5,32235,74.8,78.4
2026-04-29,UTI005,82.6,19.7,62660,89.3,13.1
2026-04-29,UTI006,71.6,72.6,140149,89.6,65.2
2026-04-29,UTI007,93.0,22.8,7766,98.6,73.4
2026-04-29,UTI008,53.7,60.1,41410,93.2,27.0
2026-04-29,UTI009,66.8,29.5,155928,87.7,84.9
2026-04-29,UTI010,79.7,74.3,44439,94.3,52.6
2026-04-29,UTI011,82.6,33.8,109729,89.6,26.0
2026-04-29,UTI012,86.2,41.2,115281,79.0,83.1
2026-04-29,UTI013,89.7,60.7,160854,72.5,29.6
2026-04-29,UTI014,57.8,76.7,135747,70.7,86.4
2026-04-29,UTI015,41.9,60.1,108323,72.4,79.8
2026-04-29,UTI016,62.7,58.2,76785,62.2,61.4
2026-04-29,UTI017,54.8,33.3,45240,72.5,29.9
2026-04-29,UTI018,44.9,41.2,164380,68.1,62.4
2026-04-29,UTI019,82.8,22.2,90472,70.3,40.7
2026-04-29,UTI020,53.0,19.1,3401,85.4,23.9
2026-04-29,UTI021,50.3,36.1,173172,93.4,11.6
2026-04-29,UTI022,85.8,79.6,79018,67.2,29.5
2026-04-29,UTI023,68.5,65.6,90127,91.8,9.2
2026-04-29,UTI024,69.0,32.5,125951,84.6,92.8
2026-04-29,UTI025,91.0,26.7,68249,92.7,33.5
2026-04-29,UTI026,46.9,56.7,79820,72.0,74.8
2026-04-29,UTI027,81.7,29.2,11622,71.4,56.7
2026-04-29,UTI028,96.9,82.0,135032,83.7,53.3
2026-04-29,UTI029,71.8,51.9,161864,78.0,47.7
2026-04-29,UTI030,76.1,74.7,183643,86.5,32.8
2026-04-29,UTI031,78.1,76.5,163628,63.5,10.6
2026-04-29,UTI032,79.2,33.0,130710,96.6,65.1
2026-04-29,UTI033,63.4,31.3,94505,90.5,19.5
2026-04-29,UTI034,93.7,68.9,2702,78.2,44.3
2026-04-29,UTI035,58.1,50.3,24980,67.0,93.1
2026-04-29,UTI036,92.9,55.5,184071,66.8,36.1
2026-04-30,UTI001,66.7,72.6,7823,67.0,45.0
2026-04-30,UTI002,78.8,55.6,33383,76.7,92.2
2026-04-30,UTI003,51.9,83.4,54233,90.2,81.3
2026-04-30,UTI004,73.3,44.7,105063,70.2,54.9
2026-04-30,UTI005,66.8,61.1,135845,65.7,35.6
2026-04-30,UTI006,79.6,20.6,118500,85.3,13.6
2026-04-30,UTI007,83.5,58.9,42219,74.7,11.4
2026-04-30,UTI008,42.7,70.0,140819,94.3,79.5
2026-04-30,UTI009,47.4,57.4,95083,88.9,25.1
2026-04-30,UTI010,87.2,34.2,135347,82.5,50.3
2026-04-30,UTI011,64.0,22.4,10254,83.1,52.0
2026-04-30,UTI012,49.6,71.9,76888,82.1,30.4
2026-04-30,UTI013,92.8,78.0,51910,80.2,25.9
2026-04-30,UTI014,41.7,74.4,130011,67.9,40.1
2026-04-30,UTI015,92.1,33.1,176070,93.1,31.4
2026-04-30,UTI016,65.6,77.7,121985,89.3,79.8
2026-04-30,UTI017,95.4,33.6,128962,90.8,16.3
2026-04-30,UTI018,81.1,45.6,95504,80.2,19.8
2026-04-30,UTI019,59.9,68.4,36123,79.7,72.7
2026-04-30,UTI020,44.9,46.0,41064,79.4,88.5
2026-04-30,UTI021,80.0,18.8,137322,97.0,59.0
2026-04-30,UTI022,76.8,35.2,3391,84.6,42.1
2026-04-30,UTI023,94.9,21.2,139554,78.6,25.2
2026-04-30,UTI024,77.6,51.3,8940,72.7,91.5
2026-04-30,UTI025,64.3,42.9,118262,76.0,59.5
2026-04-30,UTI026,75.2,75.4,11648,82.8,39.9
2026-04-30,UTI027,80.2,42.1,98846,82.6,49.1
2026-04-30,UTI028,73.1,83.1,107253,82.9,52.6
2026-04-30,UTI029,95.9,23.8,25697,63.2,67.4
2026-04-30,UTI030,92.5,78.9,84450,66.1,81.0
2026-04-30,UTI031,42.3,44.4,168064,72.0,85.8
2026-04-30,UTI032,74.0,70.8,13416,94.4,56.7
2026-04-30,UTI033,41.1,25.4,40709,75.5,68.6
2026-04-30,UTI034,55.9,40.1,137411,72.0,80.5
2026-04-30,UTI035,74.3,41.6,25312,86.6,10.3
2026-04-30,UTI036,94.9,37.0,109521,87.0,64.8
2026-05-01,UTI001,80.0,75.2,124119,86.7,44.3
2026-05-01,UTI002,73.9,83.4,35584,94.6,46.0
2026-05-01,UTI003,74.1,38.3,166699,69.1,48.1
2026-05-01,UTI004,44.1,34.1,155457,84.0,12.7
2026-05-01,UTI005,84.6,37.7,23651,68.3,61.5
2026-05-01,UTI006,93.8,19.1,99728,89.6,52.8
2026-05-01,UTI007,45.8,55.1,6450,69.4,29.0
2026-05-01,UTI008,77.4,61.7,143415,64.0,22.4
2026-05-01,UTI009,62.0,35.9,82062,79.8,8.5
2026-05-01,UTI010,68.5,69.0,74169,66.4,32.7
2026-05-01,UTI011,75.3,28.9,14047,78.1,24.6
2026-05-01,UTI012,89.3,49.9,119223,63.8,90.3
2026-05-01,UTI013,95.3,79.6,124002,69.2,74.7
2026-05-01,UTI014,59.6,78.7,51350,81.2,82.5
2026-05-01,UTI015,73.2,73.4,59439,97.4,40.8
2026-05-01,UTI016,85.8,73.8,15296,71.9,8.5
2026-05-01,UTI017,54.3,22.5,157156,89.0,82.6
2026-05-01,UTI018,61.7,32.8,115598,68.9,38.7
2026-05-01,UTI019,76.4,81.0,106415,68.7,65.8
2026-05-01,UTI020,60.7,57.8,36240,96.2,44.5
2026-05-01,UTI021,45.4,56.1,73840,90.1,18.0
2026-05-01,UTI022,85.3,83.3,94409,85.3,15.6
2026-05-01,UTI023,91.7,40.6,96763,62.5,76.7
2026-05-01,UTI024,64.2,26.9,168705,97.0,83.5
2026-05-01,UTI025,77.4,56.7,165011,90.4,81.9
2026-05-01,UTI026,83.3,33.9,118571,66.2,8.9
2026-05-01,UTI027,72.2,21.3,127317,71.2,62.4
2026-05-01,UTI028,82.7,63.9,180901,76.8,37.0
2026-05-01,UTI029,55.4,74.6,90850,84.5,72.6
2026-05-01,UTI030,59.9,22.6,173432,62.7,45.7
2026-05-01,UTI031,63.7,40.7,52521,88.3,49.5
2026-05-01,UTI032,48.7,74.2,57400,74.1,38.5
2026-05-01,UTI033,88.9,49.7,43486,65.5,76.5
2026-05-01,UTI034,89.3,69.0,167032,77.1,58.1
2026-05-01,UTI035,58.9,55.0,72601,93.0,61.3
2026-05-01,UTI036,84.0,66.2,127820,74.3,91.7
2026-05-02,UTI001,90.0,19.1,5619,98.7,83.7
2026-05-02,UTI002,40.4,62.3,71405,71.8,58.8
2026-05-02,UTI003,80.6,58.6,65983,86.3,40.2
2026-05-02,UTI004,69.7,26.8,10625,84.8,57.2
2026-05-02,UTI005,43.8,56.3,16207,97.4,33.5
2026-05-02,UTI006,75.9,67.8,105562,69.2,11.0
2026-05-02,UTI007,59.6,34.8,50436,74.6,49.1
2026-05-02,UTI008,43.3,67.7,119030,72.7,28.4
2026-05-02,UTI009,69.7,53.4,3381,72.7,12.4
2026-05-02,UTI010,96.5,54.2,58485,84.5,13.5
2026-05-02,UTI011,56.7,43.1,172799,92.7,52.4
2026-05-02,UTI012,86.8,19.6,178642,68.1,50.4
2026-05-02,UTI013,87.4,69.8,172143,81.1,89.4
2026-05-02,UTI014,82.4,72.8,10614,85.5,65.1
2026-05-02,UTI015,82.9,19.9,138544,69.4,64.1
2026-05-02,UTI016,40.3,42.9,61038,75.6,46.9
2026-05-02,UTI017,58.9,72.1,49017,69.9,70.2
2026-05-02,UTI018,44.8,24.3,178170,73.0,70.4
2026-05-02,UTI019,94.3,72.0,53457,88.8,8.2
2026-05-02,UTI020,69.1,76.4,39303,78.6,70.9
2026-05-02,UTI021,81.0,19.8,10819,83.1,73.9
2026-05-02,UTI022,84.5,78.1,32004,87.8,84.1
2026-05-02,UTI023,70.4,81.3,115481,93.7,33.7
2026-05-02,UTI024,52.8,58.1,182124,93.3,68.9
2026-05-02,UTI025,70.9,79.3,10493,83.2,20.3
2026-05-02,UTI026,41.9,54.1,2904,71.2,37.0
2026-05-02,UTI027,42.0,27.5,121391,82.9,72.4
2026-05-02,UTI028,51.4,25.5,114479,94.4,88.1
2026-05-02,UTI029,58.8,37.8,151593,93.7,93.5
2026-05-02,UTI030,61.0,52.9,154250,69.7,13.3
2026-05-02,UTI031,61.4,77.4,165170,89.1,26.0
2026-05-02,UTI032,71.5,81.6,52295,85.2,75.6
2026-05-02,UTI033,63.2,44.4,114361,83.7,53.9
2026-05-02,UTI034,40.4,84.0,141551,62.7,23.8
2026-05-02,UTI035,67.0,33.5,103536,83.4,14.6
2026-05-02,UTI036,50.7,29.5,33936,76.5,69.8
2026-05-03,UTI001,74.3,66.9,161372,95.1,23.8
2026-05-03,UTI002,65.1,19.5,60961,71.0,43.3
2026-05-03,UTI003,62.3,60.8,173088,72.7,54.9
2026-05-03,UTI004,75.6,78.4,179484,81.4,61.9
2026-05-03,UTI005,64.2,25.1,84502,90.5,59.5
2026-05-03,UTI006,47.1,34.0,2700,65.3,72.4
2026-05-03,UTI007,77.3,73.1,59740,74.3,16.3
2026-05-03,UTI008,72.4,81.0,91464,95.5,26.0
2026-05-03,UTI009,65.0,69.9,11985,77.1,60.4
2026-05-03,UTI010,71.0,51.7,18276,91.7,90.8
2026-05-03,UTI011,75.9,62.4,178893,67.4,41.5
2026-05-03,UTI012,40.1,60.3,136403,74.0,41.0
2026-05-03,UTI013,89.1,31.1,78521,76.6,36.7
2026-05-03,UTI014,42.6,44.1,57836,78.6,47.8
2026-05-03,UTI015,45.4,38.3,177019,67.3,87.3
2026-05-03,UTI016,91.1,45.0,64448,81.3,15.1
2026-05-03,UTI017,77.2,43.5,37600,73.0,93.2
2026-05-03,UTI018,51.6,63.9,29352,92.3,58.8
2026-05-03,UTI019,63.5,45.1,153510,72.0,17.4
2026-05-03,UTI020,90.1,24.0,179644,87.4,9.2
2026-05-03,UTI021,74.6,23.3,124195,79.6,21.6
2026-05-03,UTI022,74.9,42.2,177150,81.2,51.3
2026-05-03,UTI023,92.6,81.6,71465,81.6,66.5
2026-05-03,UTI024,63.5,53.7,60099,84.3,26.3
2026-05-03,UTI025,52.4,35.8,124999,69.0,52.9
2026-05-03,UTI026,60.3,49.7,7905,79.5,16.2
2026-05-03,UTI027,66.7,25.4,16664,69.7,52.8
2026-05-03,UTI028,59.3,41.6,132232,93.3,47.0
2026-05-03,UTI029,58.5,50.3,71164,75.4,38.0
2026-05-03,UTI030,72.6,26.2,83605,75.7,66.1
2026-05-03,UTI031,50.1,80.3,162606,89.3,38.0
2026-05-03,UTI032,88.0,62.9,90731,84.7,82.9
2026-05-03,UTI033,87.0,37.5,151894,81.8,27.0
2026-05-03,UTI034,88.2,43.1,54799,92.4,38.5
2026-05-03,UTI035,91.0,35.3,78062,76.8,84.3
2026-05-03,UTI036,50.1,42.8,109625,67.2,37.4
2026-05-04,UTI001,92.9,57.4,57878,94.2,76.3
2026-05-04,UTI002,59.9,68.6,93248,71.1,36.4
2026-05-04,UTI003,92.6,62.1,173811,74.4,41.8
2026-05-04,UTI004,82.0,23.4,26884,91.7,49.5
2026-05-04,UTI005,84.0,73.5,24499,72.2,58.3
2026-05-04,UTI006,95.6,69.1,104881,89.1,54.3
2026-05-04,UTI007,92.7,54.9,70225,82.3,69.2
2026-05-04,UTI008,55.9,78.4,157964,74.0,35.0
2026-05-04,UTI009,60.6,31.3,28197,97.8,13.5
2026-05-04,UTI010,90.0,46.0,126577,77.5,39.6
2026-05-04,UTI011,49.8,73.4,71550,94.0,27.2
2026-05-04,UTI012,62.9,72.7,111503,87.6,89.5
2026-05-04,UTI013,48.2,36.2,47151,64.6,56.4
2026-05-04,UTI014,47.7,80.0,43278,67.1,41.2
2026-05-04,UTI015,68.5,47.8,70572,63.9,37.7
2026-05-04,UTI016,73.1,77.4,86981,88.7,81.3
2026-05-04,UTI017,79.6,81.5,129628,63.8,74.6
2026-05-04,UTI018,69.0,81.4,105354,74.7,33.1
2026-05-04,UTI019,75.4,19.6,145900,82.1,47.6
2026-05-04,UTI020,61.1,22.0,19965,75.6,53.7
2026-05-04,UTI021,58.1,49.6,158378,65.5,80.0
2026-05-04,UTI022,66.9,78.9,107927,84.2,54.3
2026-05-04,UTI023,78.6,34.4,15153,80.0,44.2
2026-05-04,UTI024,72.2,20.3,47142,68.8,68.7
2026-05-04,UTI025,70.4,65.5,161226,89.7,33.1
2026-05-04,UTI026,95.5,50.5,86066,66.8,36.3
2026-05-04,UTI027,51.2,69.6,49103,63.8,9.8
2026-05-04,UTI028,65.1,51.0,129954,84.2,34.1
2026-05-04,UTI029,84.1,46.2,48624,76.2,44.1
2026-05-04,UTI030,76.9,31.8,112770,69.1,89.2
2026-05-04,UTI031,86.6,69.3,2431,68.8,14.7
2026-05-04,UTI032,59.6,67.0,19054,93.4,82.3
2026-05-04,UTI033,82.1,74.1,86338,74.1,70.1
2026-05-04,UTI034,63.0,65.1,130044,73.9,60.1
2026-05-04,UTI035,64.2,41.8,89776,75.0,8.4
2026-05-04,UTI036,56.2,38.1,54787,90.1,21.3
2026-05-05,UTI001,53.3,74.4,159614,89.8,56.2
2026-05-05,UTI002,75.9,31.9,56392,87.0,35.3
2026-05-05,UTI003,75.0,58.9,104716,92.7,9.7
2026-05-05,UTI004,56.3,45.7,47116,88.8,17.0
2026-05-05,UTI005,66.3,64.6,144599,84.9,27.9
2026-05-05,UTI006,63.9,21.0,93425,62.1,42.5
2026-05-05,UTI007,73.8,81.6,19567,85.0,42.3
2026-05-05,UTI008,75.1,32.4,119395,82.7,39.4
2026-05-05,UTI009,44.6,80.8,84576,72.3,91.5
2026-05-05,UTI010,72.7,55.1,100909,62.6,65.6
2026-05-05,UTI011,92.6,77.2,53645,67.8,40.0
2026-05-05,UTI012,52.4,83.7,118219,65.1,15.6
2026-05-05,UTI013,67.7,25.3,13574,82.2,66.2
2026-05-05,UTI014,56.4,56.8,69762,69.0,46.4
2026-05-05,UTI015,82.6,55.3,75463,69.0,59.8
2026-05-05,UTI016,91.9,21.0,99743,84.3,71.7
2026-05-05,UTI017,47.6,28.0,48514,74.5,38.2
2026-05-05,UTI018,82.9,33.6,104307,69.1,84.5
2026-05-05,UTI019,62.5,59.4,82119,87.5,38.4
2026-05-05,UTI020,50.6,71.9,51899,86.6,11.0
2026-05-05,UTI021,90.7,78.1,134459,68.8,54.0
2026-05-05,UTI022,47.0,76.4,19698,82.9,33.7
2026-05-05,UTI023,67.7,37.8,64147,82.9,72.4
2026-05-05,UTI024,80.0,46.7,172112,89.3,34.8
2026-05-05,UTI025,79.4,81.6,155725,69.7,28.7
2026-05-05,UTI026,70.8,48.9,171833,73.7,42.4
2026-05-05,UTI027,93.9,60.3,174682,82.0,74.0
2026-05-05,UTI028,83.9,72.6,134737,87.7,89.0
2026-05-05,UTI029,40.8,57.3,72220,76.7,22.0
2026-05-05,UTI030,49.9,51.6,53268,80.8,74.0
2026-05-05,UTI031,72.5,44.8,152408,81.6,81.5
2026-05-05,UTI032,65.0,82.5,41822,71.1,58.4
2026-05-05,UTI033,92.7,75.6,152570,70.8,22.9
2026-05-05,UTI034,67.6,50.0,28031,65.1,82.6
2026-05-05,UTI035,40.6,21.8,107955,73.0,33.8
2026-05-05,UTI036,95.9,23.3,117413,88.5,40.8
2026-05-06,UTI001,82.5,82.8,138994,63.7,39.1
2026-05-06,UTI002,48.9,47.9,82472,78.2,43.5
2026-05-06,UTI003,59.9,66.8,65997,72.9,74.1
2026-05-06,UTI004,90.8,58.0,98612,91.9,41.0
2026-05-06,UTI005,71.8,38.3,71896,83.3,21.1
2026-05-06,UTI006,63.4,22.0,140634,81.3,92.3
2026-05-06,UTI007,76.0,39.5,97922,96.5,61.8
2026-05-06,UTI008,79.5,53.8,55205,70.4,81.4
2026-05-06,UTI009,46.5,81.0,51930,89.0,29.4
2026-05-06,UTI010,77.0,39.9,126486,79.4,16.9
2026-05-06,UTI011,40.0,73.4,177736,87.7,89.2
2026-05-06,UTI012,48.1,39.5,18663,73.9,25.8
2026-05-06,UTI013,89.7,61.4,110305,78.7,44.8
2026-05-06,UTI014,75.2,75.8,16301,63.8,32.4
2026-05-06,UTI015,59.7,73.0,38857,92.2,37.1
2026-05-06,UTI016,78.0,33.2,60741,67.2,68.3
2026-05-06,UTI017,51.6,36.4,121487,66.6,46.8
2026-05-06,UTI018,72.5,44.7,170325,76.6,62.2
2026-05-06,UTI019,72.5,55.7,88073,80.0,9.5
2026-05-06,UTI020,46.5,33.9,126075,80.7,25.2
2026-05-06,UTI021,41.2,42.3,104672,63.8,59.5
2026-05-06,UTI022,46.2,63.8,80208,93.9,14.9
2026-05-06,UTI023,91.2,22.3,81911,90.2,66.9
2026-05-06,UTI024,46.6,60.6,68202,63.8,58.5
2026-05-06,UTI025,60.6,48.4,23777,93.7,60.2
2026-05-06,UTI026,79.0,44.4,126558,97.2,41.9
2026-05-06,UTI027,88.1,39.1,10895,86.8,25.1
2026-05-06,UTI028,79.1,77.7,17799,73.7,64.1
2026-05-06,UTI029,77.5,23.7,73522,95.3,9.2
2026-05-06,UTI030,91.8,40.5,177885,84.7,42.0
2026-05-06,UTI031,82.6,40.3,171744,67.7,17.5
2026-05-06,UTI032,87.8,52.6,158574,73.6,54.2
2026-05-06,UTI033,82.6,63.3,103364,97.6,23.3
2026-05-06,UTI034,51.7,28.7,83275,77.7,20.4
2026-05-06,UTI035,40.6,67.2,18181,95.0,49.4
2026-05-06,UTI036,59.8,82.3,131205,69.3,13.9
2026-05-07,UTI001,89.7,76.1,174443,94.5,50.9
2026-05-07,UTI002,64.2,51.7,12105,77.5,8.0
2026-05-07,UTI003,63.2,23.6,6807,66.3,61.8
2026-05-07,UTI004,92.6,77.8,163546,96.6,54.8
2026-05-07,UTI005,49.5,71.6,76904,94.6,57.9
2026-05-07,UTI006,65.1,25.1,105495,82.9,75.8
2026-05-07,UTI007,48.9,25.6,74712,96.0,64.3
2026-05-07,UTI008,64.9,30.1,25514,66.4,77.9
2026-05-07,UTI009,65.3,51.3,77559,89.3,41.2
2026-05-07,UTI010,90.5,42.7,49227,68.7,51.0
2026-05-07,UTI011,73.1,65.2,156075,90.5,92.1
2026-05-07,UTI012,96.7,51.5,13666,72.7,70.8
2026-05-07,UTI013,53.5,46.1,84046,63.6,61.2
2026-05-07,UTI014,68.9,50.0,139634,91.4,30.5
2026-05-07,UTI015,72.0,29.9,130028,67.4,19.8
2026-05-07,UTI016,92.9,59.2,155476,78.5,33.5
2026-05-07,UTI017,63.5,67.3,136654,69.6,82.2
2026-05-07,UTI018,87.3,18.1,146979,69.4,49.9
2026-05-07,UTI019,46.9,19.9,118631,81.7,62.6
2026-05-07,UTI020,43.2,45.4,97938,84.7,14.9
2026-05-07,UTI021,88.3,81.2,55173,98.8,28.9
2026-05-07,UTI022,45.5,48.7,21020,89.6,47.4
2026-05-07,UTI023,86.3,59.2,84437,69.4,61.2
2026-05-07,UTI024,84.6,40.8,175690,84.2,71.7
2026-05-07,UTI025,93.6,72.4,144335,86.7,61.8
2026-05-07,UTI026,77.9,57.7,117302,66.4,72.5
2026-05-07,UTI027,85.2,30.7,104496,80.3,58.8
2026-05-07,UTI028,88.7,23.6,169279,75.3,70.8
2026-05-07,UTI029,94.7,75.3,144000,65.6,60.6
2026-05-07,UTI030,58.9,19.6,134054,66.2,27.3
2026-05-07,UTI031,81.1,23.0,178671,83.4,52.2
2026-05-07,UTI032,89.5,35.0,4386,82.9,51.3
2026-05-07,UTI033,69.6,73.8,68059,75.9,81.5
2026-05-07,UTI034,56.4,55.5,25836,68.8,55.2
2026-05-07,UTI035,89.2,36.6,124717,92.9,91.2
2026-05-07,UTI036,87.8,61.2,93415,74.1,78.5
2026-05-08,UTI001,79.0,77.0,26616,91.5,47.9
2026-05-08,UTI002,76.9,61.4,160225,91.5,43.8
2026-05-08,UTI003,43.8,62.8,158397,75.7,27.8
2026-05-08,UTI004,64.8,41.4,165853,68.1,90.2
2026-05-08,UTI005,66.2,40.6,19001,71.5,50.6
2026-05-08,UTI006,83.4,40.6,44863,91.5,90.4
2026-05-08,UTI007,67.3,43.6,54693,74.4,46.4
2026-05-08,UTI008,78.1,56.2,59636,84.9,86.4
2026-05-08,UTI009,80.2,41.0,181385,77.8,78.4
2026-05-08,UTI010,83.7,76.8,127577,76.4,9.5
2026-05-08,UTI011,48.1,33.0,144770,62.9,29.6
2026-05-08,UTI012,49.2,34.4,129108,68.9,88.6
2026-05-08,UTI013,80.6,73.9,3370,71.3,81.5
2026-05-08,UTI014,43.8,23.7,42889,76.9,30.5
2026-05-08,UTI015,90.5,36.1,121163,96.2,51.4
2026-05-08,UTI016,56.1,54.7,70198,77.2,91.0
2026-05-08,UTI017,96.3,50.5,20085,84.6,91.1
2026-05-08,UTI018,81.0,58.4,97618,97.2,35.7
2026-05-08,UTI019,46.7,75.1,96645,69.4,10.2
2026-05-08,UTI020,82.8,18.9,138830,73.5,73.4
2026-05-08,UTI021,96.3,54.5,5788,70.8,51.6
2026-05-08,UTI022,91.5,29.1,10092,86.7,44.0
2026-05-08,UTI023,65.0,59.0,164038,73.0,47.3
2026-05-08,UTI024,70.4,70.4,173971,81.5,83.9
2026-05-08,UTI025,86.8,82.0,15108,69.4,76.1
2026-05-08,UTI026,93.4,32.1,138489,65.8,23.4
2026-05-08,UTI027,51.8,40.4,62833,85.9,65.6
2026-05-08,UTI028,45.8,40.7,126533,92.6,75.4
2026-05-08,UTI029,51.7,19.4,38304,81.2,52.6
2026-05-08,UTI030,71.8,48.7,37204,98.6,58.6
2026-05-08,UTI031,64.7,70.6,54681,84.4,35.9
2026-05-08,UTI032,62.4,55.1,161944,93.1,60.4
2026-05-08,UTI033,49.1,37.8,128301,91.2,41.9
2026-05-08,UTI034,62.3,54.5,34773,78.3,33.5
2026-05-08,UTI035,77.9,72.8,125209,69.0,50.6
2026-05-08,UTI036,42.2,19.9,98794,69.5,55.3
2026-05-09,UTI001,53.5,81.3,155063,93.0,92.3
2026-05-09,UTI002,87.9,49.0,31052,73.6,69.5
2026-05-09,UTI003,82.5,33.2,171443,69.1,51.3
2026-05-09,UTI004,80.1,23.2,6976,79.4,76.9
2026-05-09,UTI005,55.9,46.4,37466,90.9,10.8
2026-05-09,UTI006,86.8,64.8,16365,71.5,61.0
2026-05-09,UTI007,73.0,39.8,32671,89.3,36.2
2026-05-09,UTI008,74.0,66.0,170529,78.2,49.2
2026-05-09,UTI009,95.7,21.7,66234,62.5,80.9
2026-05-09,UTI010,44.4,32.4,82749,71.2,24.0
2026-05-09,UTI011,56.9,38.7,100444,76.8,30.1
2026-05-09,UTI012,68.4,63.8,131796,91.6,12.5
2026-05-09,UTI013,82.9,41.7,61303,63.0,40.1
2026-05-09,UTI014,96.9,55.9,124781,82.9,71.4
2026-05-09,UTI015,67.3,57.5,174745,76.1,64.4
2026-05-09,UTI016,90.0,22.8,60117,70.5,19.2
2026-05-09,UTI017,80.8,76.4,183173,64.8,17.2
2026-05-09,UTI018,49.4,19.2,22931,81.3,53.9
2026-05-09,UTI019,57.4,76.4,141608,78.4,8.5
2026-05-09,UTI020,91.3,43.7,39656,73.8,66.9
2026-05-09,UTI021,81.7,72.2,34805,63.1,12.7
2026-05-09,UTI022,43.7,33.5,48924,78.7,43.9
2026-05-09,UTI023,84.0,61.5,47645,81.8,58.3
2026-05-09,UTI024,66.7,22.9,61583,98.2,10.0
2026-05-09,UTI025,87.5,75.1,64444,62.7,28.8
2026-05-09,UTI026,79.2,18.9,179247,88.4,27.0
2026-05-09,UTI027,61.9,35.9,123941,74.6,46.6
2026-05-09,UTI028,71.3,57.9,70831,71.1,17.2
2026-05-09,UTI029,70.7,19.3,165503,87.3,57.0
2026-05-09,UTI030,93.7,30.6,163099,89.1,18.9
2026-05-09,UTI031,94.8,76.3,75181,68.1,59.8
2026-05-09,UTI032,63.9,73.8,13018,82.9,10.1
2026-05-09,UTI033,85.1,36.9,125095,65.0,9.4
2026-05-09,UTI034,46.3,52.7,38499,74.6,48.7
2026-05-09,UTI035,63.9,76.8,110070,95.6,49.4
2026-05-09,UTI036,75.8,41.1,56173,62.0,70.2
2026-05-10,UTI001,73.0,47.6,23363,85.0,46.6
2026-05-10,UTI002,84.9,41.8,103274,96.5,65.2
2026-05-10,UTI003,80.5,59.1,6116,63.6,22.1
2026-05-10,UTI004,84.5,59.4,108458,98.2,33.2
2026-05-10,UTI005,66.4,44.5,13972,84.0,57.1
2026-05-10,UTI006,40.5,34.3,126227,70.0,23.6
2026-05-10,UTI007,56.0,45.6,58822,92.0,88.1
2026-05-10,UTI008,64.6,61.1,180511,79.2,43.8
2026-05-10,UTI009,72.2,67.3,61129,65.1,73.5
2026-05-10,UTI010,69.5,78.3,11200,82.3,80.9
2026-05-10,UTI011,79.8,44.4,116773,65.7,14.7
2026-05-10,UTI012,80.6,27.2,72413,88.9,75.9
2026-05-10,UTI013,82.6,55.6,71092,77.1,79.4
2026-05-10,UTI014,61.7,31.9,142153,67.4,82.2
2026-05-10,UTI015,59.6,51.9,94657,87.5,17.4
2026-05-10,UTI016,68.0,38.7,25502,64.2,58.8
2026-05-10,UTI017,42.0,60.3,169122,75.4,88.8
2026-05-10,UTI018,62.8,78.8,49566,86.7,29.1
2026-05-10,UTI019,56.8,62.7,89296,92.6,69.7
2026-05-10,UTI020,48.2,34.0,177838,65.4,38.2
2026-05-10,UTI021,69.2,49.3,2663,94.0,27.7
2026-05-10,UTI022,41.3,57.5,129868,96.7,67.2
2026-05-10,UTI023,86.2,25.4,101552,74.5,22.8
2026-05-10,UTI024,56.3,81.4,5533,85.7,74.1
2026-05-10,UTI025,52.6,79.8,27681,92.7,84.8
2026-05-10,UTI026,80.3,70.8,20223,93.7,93.6
2026-05-10,UTI027,42.4,29.5,145554,88.8,10.8
2026-05-10,UTI028,40.5,77.5,77165,67.7,35.9
2026-05-10,UTI029,88.3,44.1,86556,74.7,71.2
2026-05-10,UTI030,94.1,41.4,100771,88.0,57.1
2026-05-10,UTI031,89.0,36.5,106932,96.9,33.2
2026-05-10,UTI032,68.1,46.5,67076,69.7,73.6
2026-05-10,UTI033,50.4,55.5,158061,80.1,47.2
2026-05-10,UTI034,63.8,56.8,184642,76.7,65.1
2026-05-10,UTI035,94.6,67.5,39900,93.1,41.0
2026-05-10,UTI036,41.7,49.0,26378,86.8,73.7
2026-05-11,UTI001,76.0,54.5,145021,75.2,25.5
2026-05-11,UTI002,91.2,57.6,127457,80.0,34.8
2026-05-11,UTI003,74.1,59.7,173257,77.1,63.7
2026-05-11,UTI004,86.5,48.9,48281,77.3,42.5
2026-05-11,UTI005,57.0,66.1,7778,66.6,19.8
2026-05-11,UTI006,40.3,19.5,172227,92.1,24.1
2026-05-11,UTI007,77.1,74.7,124380,75.2,24.0
2026-05-11,UTI008,44.3,37.1,105338,89.6,24.3
2026-05-11,UTI009,63.0,50.9,131862,70.4,10.9
2026-05-11,UTI010,90.0,75.9,173758,70.0,78.3
2026-05-11,UTI011,87.3,37.9,163650,87.7,26.9
2026-05-11,UTI012,60.6,64.8,50039,95.5,78.6
2026-05-11,UTI013,42.2,21.0,32002,98.7,24.1
2026-05-11,UTI014,55.3,46.4,6884,88.3,81.6
2026-05-11,UTI015,53.4,54.3,89591,70.7,38.7
2026-05-11,UTI016,44.5,57.4,182360,73.7,86.3
2026-05-11,UTI017,71.5,56.8,135654,73.1,19.7
2026-05-11,UTI018,85.2,30.6,27831,97.0,40.3
2026-05-11,UTI019,76.1,50.5,114380,72.5,42.5
2026-05-11,UTI020,74.2,18.7,85673,78.7,35.5
2026-05-11,UTI021,43.4,72.2,76606,64.9,91.1
2026-05-11,UTI022,53.2,46.6,137432,97.1,40.7
2026-05-11,UTI023,44.2,21.0,144385,96.5,59.0
2026-05-11,UTI024,69.1,67.0,73440,78.6,86.3
2026-05-11,UTI025,87.3,50.8,165417,89.8,26.8
2026-05-11,UTI026,47.1,76.2,71098,77.5,93.1
2026-05-11,UTI027,83.4,56.0,115000,86.0,44.8
2026-05-11,UTI028,88.9,22.6,108496,95.6,74.5
2026-05-11,UTI029,75.2,41.0,108461,96.3,63.7
2026-05-11,UTI030,46.2,49.0,105467,65.5,8.1
2026-05-11,UTI031,58.3,75.9,54433,68.3,46.0
2026-05-11,UTI032,64.1,66.0,79334,78.8,33.3
2026-05-11,UTI033,48.2,72.0,85131,96.6,40.8
2026-05-11,UTI034,78.4,36.9,135034,97.1,75.1
2026-05-11,UTI035,87.6,68.1,62523,92.4,60.0
2026-05-11,UTI036,63.1,42.4,50811,98.7,60.6
2026-05-12,UTI001,56.3,36.2,178575,62.8,25.7
2026-05-12,UTI002,58.9,25.9,64278,70.3,66.4
2026-05-12,UTI003,56.7,56.2,70028,91.1,25.4
2026-05-12,UTI004,42.9,20.8,68479,91.8,33.7
2026-05-12,UTI005,80.5,64.5,63511,72.8,10.2
2026-05-12,UTI006,60.8,33.3,109805,84.4,46.7
2026-05-12,UTI007,61.1,38.4,22462,62.2,39.4
2026-05-12,UTI008,44.7,45.9,57561,93.2,39.1
2026-05-12,UTI009,96.6,20.2,167699,88.9,71.7
2026-05-12,UTI010,76.1,34.6,19208,62.1,36.7
2026-05-12,UTI011,76.1,80.5,79143,85.1,61.5
2026-05-12,UTI012,96.2,73.1,36975,94.6,82.0
2026-05-12,UTI013,67.0,56.6,73425,93.0,14.3
2026-05-12,UTI014,47.0,40.1,106362,88.9,77.3
2026-05-12,UTI015,74.5,41.3,97505,71.8,18.6
2026-05-12,UTI016,68.6,40.5,181833,77.9,72.6
2026-05-12,UTI017,60.5,40.2,47162,92.0,16.6
2026-05-12,UTI018,51.6,82.3,87071,65.7,21.1
2026-05-12,UTI019,57.2,75.0,100143,80.4,44.2
2026-05-12,UTI020,90.8,42.6,130409,81.0,73.2
2026-05-12,UTI021,89.2,80.2,89765,69.4,51.2
2026-05-12,UTI022,85.3,25.1,171972,88.6,38.2
2026-05-12,UTI023,48.1,32.6,170254,71.8,90.1
2026-05-12,UTI024,85.6,65.1,91808,89.9,40.2
2026-05-12,UTI025,60.7,66.7,105372,80.8,78.5
2026-05-12,UTI026,90.9,44.7,125814,95.8,90.3
2026-05-12,UTI027,61.4,63.2,98937,69.9,61.3
2026-05-12,UTI028,85.9,72.7,127532,74.8,34.0
2026-05-12,UTI029,89.5,27.7,69767,70.3,24.3
2026-05-12,UTI030,48.8,76.5,108816,69.0,88.1
2026-05-12,UTI031,63.0,42.5,69605,64.9,14.6
2026-05-12,UTI032,95.3,70.5,71563,93.9,87.2
2026-05-12,UTI033,57.6,34.0,40762,67.7,40.3
2026-05-12,UTI034,68.6,34.6,16832,84.1,63.1
2026-05-12,UTI035,77.4,30.0,46591,86.7,66.3
2026-05-12,UTI036,96.3,43.1,34583,62.2,59.7
2026-05-13,UTI001,62.8,41.6,82181,66.8,14.0
2026-05-13,UTI002,94.1,55.4,128420,76.5,46.8
2026-05-13,UTI003,91.1,74.9,160782,64.0,21.2
2026-05-13,UTI004,82.1,18.2,18123,87.3,90.9
2026-05-13,UTI005,46.2,84.0,35581,76.5,72.4
2026-05-13,UTI006,45.8,31.4,50333,77.0,64.3
2026-05-13,UTI007,45.7,21.7,34181,98.8,47.3
2026-05-13,UTI008,59.4,58.5,141473,65.5,40.6
2026-05-13,UTI009,96.3,50.2,35694,71.6,60.2
2026-05-13,UTI010,41.5,28.0,143550,97.9,63.4
2026-05-13,UTI011,57.2,44.2,160619,89.7,42.6
2026-05-13,UTI012,41.1,66.8,98760,86.5,35.3
2026-05-13,UTI013,90.2,20.4,146543,95.8,34.1
2026-05-13,UTI014,65.8,26.8,131350,75.2,57.2
2026-05-13,UTI015,42.7,18.3,78508,90.3,92.5
2026-05-13,UTI016,61.7,34.1,173401,98.6,39.0
2026-05-13,UTI017,84.7,33.0,105796,74.8,57.7
2026-05-13,UTI018,69.1,25.4,79149,63.0,87.0
2026-05-13,UTI019,60.0,79.0,25291,96.2,52.7
2026-05-13,UTI020,92.1,52.0,137349,70.1,89.8
2026-05-13,UTI021,88.9,22.7,27520,91.9,91.5
2026-05-13,UTI022,65.7,26.3,4806,69.4,68.4
2026-05-13,UTI023,55.6,42.1,168245,72.6,10.1
2026-05-13,UTI024,84.9,28.1,102741,78.4,27.1
2026-05-13,UTI025,89.8,26.7,28102,76.1,22.6
2026-05-13,UTI026,42.9,55.2,103123,80.5,29.6
2026-05-13,UTI027,71.2,71.4,162502,84.1,43.9
2026-05-13,UTI028,56.8,43.4,111367,63.0,48.2
2026-05-13,UTI029,74.3,43.1,83490,77.7,73.3
2026-05-13,UTI030,78.0,37.3,133230,88.0,74.6
2026-05-13,UTI031,88.7,38.1,184156,96.0,50.3
2026-05-13,UTI032,68.5,66.3,56361,62.9,16.4
2026-05-13,UTI033,91.4,69.1,6125,63.2,40.8
2026-05-13,UTI034,47.1,34.5,44187,93.5,21.2
2026-05-13,UTI035,78.4,54.5,52113,68.3,74.3
2026-05-13,UTI036,93.1,64.6,110743,64.5,20.5
2026-05-14,UTI001,71.1,66.1,25329,92.4,56.4
2026-05-14,UTI002,92.5,46.2,112715,71.0,66.7
2026-05-14,UTI003,87.4,56.3,59746,79.9,62.8
2026-05-14,UTI004,62.2,53.4,51203,74.6,64.3
2026-05-14,UTI005,41.1,81.1,119093,84.5,72.6
2026-05-14,UTI006,63.3,40.7,11948,64.5,67.8
2026-05-14,UTI007,47.4,24.3,38426,84.1,40.8
2026-05-14,UTI008,51.1,31.1,124963,82.5,54.4
2026-05-14,UTI009,87.6,42.1,138258,91.4,33.0
2026-05-14,UTI010,94.0,47.8,123142,88.4,32.9
2026-05-14,UTI011,80.6,75.1,182373,89.0,14.1
2026-05-14,UTI012,67.3,35.4,107708,65.2,70.2
2026-05-14,UTI013,47.0,82.8,61820,84.6,41.3
2026-05-14,UTI014,52.0,21.7,20844,98.2,59.1
2026-05-14,UTI015,43.6,61.6,65318,85.9,38.0
2026-05-14,UTI016,57.6,39.5,24818,84.6,64.1
2026-05-14,UTI017,67.7,23.4,134341,77.9,34.2
2026-05-14,UTI018,45.5,63.6,99833,89.8,33.6
2026-05-14,UTI019,82.8,59.7,19604,93.7,59.3
2026-05-14,UTI020,82.6,20.2,8295,96.0,51.0
2026-05-14,UTI021,64.6,18.1,132626,93.1,35.0
2026-05-14,UTI022,94.9,22.0,83539,94.5,39.4
2026-05-14,UTI023,59.2,29.3,117423,68.8,13.1
2026-05-14,UTI024,50.2,82.7,105211,91.7,64.4
2026-05-14,UTI025,88.6,39.6,169023,70.9,22.9
2026-05-14,UTI026,46.5,80.5,107474,71.9,23.5
2026-05-14,UTI027,44.2,57.5,100423,65.6,81.3
2026-05-14,UTI028,66.7,82.7,166485,66.4,34.0
2026-05-14,UTI029,60.3,44.8,171710,63.9,19.1
2026-05-14,UTI030,84.3,66.2,40956,79.4,53.7
2026-05-14,UTI031,56.6,33.7,168966,83.1,92.4
2026-05-14,UTI032,84.4,50.0,173801,79.3,24.2
2026-05-14,UTI033,63.9,44.0,174534,94.5,71.3
2026-05-14,UTI034,95.7,44.2,84273,72.7,23.2
2026-05-14,UTI035,74.2,66.7,23290,75.9,73.5
2026-05-14,UTI036,47.9,28.8,125879,64.9,85.0
2026-05-15,UTI001,79.4,37.1,113967,69.1,92.0
2026-05-15,UTI002,43.8,30.6,44968,66.4,85.9
2026-05-15,UTI003,58.4,63.2,6643,64.4,32.2
2026-05-15,UTI004,44.9,78.2,116712,93.4,25.6
2026-05-15,UTI005,90.6,61.3,74929,75.9,49.2
2026-05-15,UTI006,85.6,37.4,55580,66.5,37.9
2026-05-15,UTI007,84.1,74.3,2246,62.7,77.3
2026-05-15,UTI008,94.1,70.4,184984,84.4,39.9
2026-05-15,UTI009,46.7,82.8,141059,68.9,78.9
2026-05-15,UTI010,52.9,29.4,44939,77.1,87.3
2026-05-15,UTI011,56.1,62.0,25755,74.7,29.0
2026-05-15,UTI012,74.7,64.6,109277,64.2,41.8
2026-05-15,UTI013,73.6,76.5,149983,98.3,27.3
2026-05-15,UTI014,85.0,50.1,84143,92.3,67.7
2026-05-15,UTI015,46.6,64.8,88674,81.4,16.7
2026-05-15,UTI016,87.1,67.9,102288,63.0,59.8
2026-05-15,UTI017,41.0,59.5,66339,72.7,14.0
2026-05-15,UTI018,61.7,63.7,110109,62.8,11.3
2026-05-15,UTI019,78.2,39.8,68393,63.4,52.0
2026-05-15,UTI020,65.1,59.5,105449,93.4,21.3
2026-05-15,UTI021,51.7,58.5,82339,81.8,19.6
2026-05-15,UTI022,55.8,67.3,140230,97.7,37.4
2026-05-15,UTI023,73.3,66.2,183106,77.0,33.2
2026-05-15,UTI024,42.3,48.6,11191,66.6,29.2
2026-05-15,UTI025,74.0,73.9,151013,62.5,45.6
2026-05-15,UTI026,50.3,53.2,122237,96.7,25.1
2026-05-15,UTI027,77.9,20.5,150869,75.4,18.9
2026-05-15,UTI028,91.9,18.0,71442,68.5,20.2
2026-05-15,UTI029,85.4,54.9,168703,77.8,10.1
2026-05-15,UTI030,85.6,78.4,74789,90.5,75.2
2026-05-15,UTI031,82.9,35.3,104278,65.5,30.5
2026-05-15,UTI032,60.9,18.7,63978,93.7,35.8
2026-05-15,UTI033,58.8,46.5,53972,83.8,25.7
2026-05-15,UTI034,79.0,54.4,120889,96.2,39.2
2026-05-15,UTI035,93.9,28.9,149199,91.4,42.5
2026-05-15,UTI036,83.8,36.2,47642,84.5,39.4
2026-05-16,UTI001,49.0,27.0,115088,65.4,93.0
2026-05-16,UTI002,54.8,74.6,62061,79.9,23.2
2026-05-16,UTI003,85.0,44.0,81844,95.3,62.8
2026-05-16,UTI004,86.6,60.7,87244,95.9,37.4
2026-05-16,UTI005,80.5,27.4,128849,62.9,71.7
2026-05-16,UTI006,55.9,69.5,18975,75.0,15.4
2026-05-16,UTI007,59.4,47.9,91434,92.4,58.5
2026-05-16,UTI008,94.3,78.5,38751,81.5,81.6
2026-05-16,UTI009,66.5,83.8,179308,65.5,37.3
2026-05-16,UTI010,47.3,33.0,46049,65.9,71.3
2026-05-16,UTI011,54.7,40.3,23925,63.1,19.2
2026-05-16,UTI012,93.1,55.0,164777,65.6,8.7
2026-05-16,UTI013,57.8,52.8,121953,87.6,36.9
2026-05-16,UTI014,79.1,41.6,154140,74.3,23.3
2026-05-16,UTI015,55.6,78.6,140847,89.5,39.1
2026-05-16,UTI016,91.9,56.2,98595,67.3,85.3
2026-05-16,UTI017,54.4,61.5,80727,89.9,82.6
2026-05-16,UTI018,81.3,21.3,22827,77.8,20.0
2026-05-16,UTI019,81.8,43.3,124327,87.3,66.4
2026-05-16,UTI020,75.6,82.1,132676,78.7,49.0
2026-05-16,UTI021,49.7,73.0,34227,80.6,40.6
2026-05-16,UTI022,40.2,35.2,111204,67.2,43.2
2026-05-16,UTI023,42.4,40.7,86761,82.1,18.8
2026-05-16,UTI024,67.1,58.6,59970,73.8,78.5
2026-05-16,UTI025,79.8,30.1,74053,75.2,41.5
2026-05-16,UTI026,71.7,25.3,59505,75.7,11.1
2026-05-16,UTI027,52.5,44.7,61389,69.5,42.0
2026-05-16,UTI028,74.9,53.6,1936,72.7,23.1
2026-05-16,UTI029,66.7,81.8,32877,85.8,78.2
2026-05-16,UTI030,87.8,74.7,29249,98.4,33.0
2026-05-16,UTI031,90.7,38.1,175037,92.3,18.2
2026-05-16,UTI032,58.8,77.0,8748,70.6,37.1
2026-05-16,UTI033,52.2,78.7,156781,95.2,63.3
2026-05-16,UTI034,80.9,29.0,49846,86.4,59.8
2026-05-16,UTI035,62.4,79.3,86097,72.6,37.5
2026-05-16,UTI036,61.7,23.9,26069,98.0,24.4
2026-05-17,UTI001,71.0,52.1,145437,93.3,88.4
2026-05-17,UTI002,67.4,35.7,179757,64.0,86.3
2026-05-17,UTI003,91.3,69.9,163801,90.7,37.0
2026-05-17,UTI004,97.0,78.8,36625,91.8,49.9
2026-05-17,UTI005,60.3,38.7,158290,77.2,47.9
2026-05-17,UTI006,59.9,81.3,122527,90.5,21.3
2026-05-17,UTI007,76.7,69.3,152243,71.6,17.3
2026-05-17,UTI008,82.0,60.2,47381,81.8,26.4
2026-05-17,UTI009,51.2,73.9,102694,71.8,48.1
2026-05-17,UTI010,48.6,53.0,98204,95.7,79.5
2026-05-17,UTI011,80.1,40.2,85232,72.6,31.8
2026-05-17,UTI012,64.7,36.6,5326,98.7,15.8
2026-05-17,UTI013,42.5,69.2,160990,93.7,33.3
2026-05-17,UTI014,49.6,20.9,53255,70.7,80.2
2026-05-17,UTI015,93.6,35.1,19824,77.2,25.2
2026-05-17,UTI016,91.4,67.4,137101,65.3,12.7
2026-05-17,UTI017,58.2,33.8,63254,94.4,92.7
2026-05-17,UTI018,57.3,57.3,17094,68.3,13.0
2026-05-17,UTI019,96.9,71.3,148592,62.2,49.1
2026-05-17,UTI020,48.0,44.0,55053,93.5,76.9
2026-05-17,UTI021,45.6,58.3,154314,83.1,93.5
2026-05-17,UTI022,43.2,46.9,62329,70.2,39.7
2026-05-17,UTI023,68.8,79.3,148512,76.9,29.4
2026-05-17,UTI024,50.4,29.4,147756,64.7,68.7
2026-05-17,UTI025,87.8,25.6,21364,78.9,62.6
2026-05-17,UTI026,96.9,26.5,20449,80.7,13.2
2026-05-17,UTI027,89.6,60.0,150910,82.8,84.3
2026-05-17,UTI028,90.0,55.4,25190,78.2,68.9
2026-05-17,UTI029,44.8,18.9,20766,71.6,91.3
2026-05-17,UTI030,80.2,22.6,66456,78.8,79.8
2026-05-17,UTI031,57.1,78.4,83551,89.0,10.4
2026-05-17,UTI032,51.4,73.6,9799,73.3,92.8
2026-05-17,UTI033,95.0,38.0,96383,67.2,22.1
2026-05-17,UTI034,59.1,25.2,34153,97.4,82.1
2026-05-17,UTI035,93.9,64.5,44113,91.1,10.6
2026-05-17,UTI036,92.4,43.5,168850,80.8,51.0
2026-05-18,UTI001,66.5,26.5,37215,83.9,60.4
2026-05-18,UTI002,59.0,21.3,132814,77.7,57.4
2026-05-18,UTI003,58.2,70.8,13322,70.7,32.4
2026-05-18,UTI004,78.9,27.1,39682,92.7,70.9
2026-05-18,UTI005,83.0,43.3,55101,80.7,30.7
2026-05-18,UTI006,93.5,35.3,102533,83.1,24.1
2026-05-18,UTI007,59.5,67.5,9810,63.1,8.1
2026-05-18,UTI008,89.9,44.1,46883,63.4,24.8
2026-05-18,UTI009,44.6,28.9,59441,73.8,11.8
2026-05-18,UTI010,66.3,67.3,120168,96.3,16.7
2026-05-18,UTI011,80.6,22.5,2548,88.3,40.4
2026-05-18,UTI012,86.3,50.3,160188,84.4,56.0
2026-05-18,UTI013,96.6,23.5,82111,71.1,28.1
2026-05-18,UTI014,70.0,37.7,35203,74.1,66.6
2026-05-18,UTI015,64.8,41.2,41727,81.6,30.3
2026-05-18,UTI016,44.6,25.0,181322,82.5,45.2
2026-05-18,UTI017,92.7,56.2,137929,98.3,25.5
2026-05-18,UTI018,82.7,63.2,155829,95.7,16.5
2026-05-18,UTI019,79.6,25.7,15550,82.0,71.2
2026-05-18,UTI020,48.4,36.5,48201,98.5,23.9
2026-05-18,UTI021,61.5,67.0,50228,77.0,89.4
2026-05-18,UTI022,69.7,80.8,72955,76.7,23.4
2026-05-18,UTI023,64.9,48.3,134986,93.1,28.7
2026-05-18,UTI024,70.1,38.1,56288,72.4,35.9
2026-05-18,UTI025,53.9,38.8,183315,68.0,24.8
2026-05-18,UTI026,91.0,34.5,116475,85.5,49.4
2026-05-18,UTI027,57.0,72.5,179960,77.5,18.9
2026-05-18,UTI028,45.7,23.2,26739,62.6,35.1
2026-05-18,UTI029,41.3,73.2,38958,67.8,19.7
2026-05-18,UTI030,81.7,74.1,7892,88.2,11.9
2026-05-18,UTI031,85.5,51.8,166240,74.3,75.3
2026-05-18,UTI032,62.7,63.0,160737,65.0,83.0
2026-05-18,UTI033,93.8,26.3,147083,73.5,93.6
2026-05-18,UTI034,74.2,31.2,128010,66.7,51.9
2026-05-18,UTI035,91.7,63.9,8473,66.5,71.3
2026-05-18,UTI036,95.4,28.3,136427,82.2,15.5
2026-05-19,UTI001,55.7,55.6,85824,68.1,93.2
2026-05-19,UTI002,45.8,30.4,55422,92.3,57.4
2026-05-19,UTI003,62.8,24.0,14254,89.3,38.7
2026-05-19,UTI004,46.6,69.3,12268,70.9,89.3
2026-05-19,UTI005,57.9,78.7,167908,66.9,46.6
2026-05-19,UTI006,73.9,84.0,69280,98.7,91.8
2026-05-19,UTI007,75.7,53.9,59460,74.7,12.8
2026-05-19,UTI008,72.3,40.7,134422,67.6,15.0
2026-05-19,UTI009,88.0,52.3,86527,80.6,13.4
2026-05-19,UTI010,69.2,31.6,180494,66.0,47.2
2026-05-19,UTI011,73.2,28.4,104142,90.9,18.7
2026-05-19,UTI012,96.5,32.7,39571,63.3,79.0
2026-05-19,UTI013,43.1,32.1,134052,81.5,58.6
2026-05-19,UTI014,81.3,81.7,94837,79.7,45.4
2026-05-19,UTI015,65.7,68.4,174020,84.2,59.4
2026-05-19,UTI016,59.8,30.5,54396,94.7,85.1
2026-05-19,UTI017,52.7,41.2,27175,66.7,49.8
2026-05-19,UTI018,77.3,50.9,76492,72.2,33.4
2026-05-19,UTI019,95.0,73.2,176844,93.8,76.1
2026-05-19,UTI020,64.0,38.7,178726,67.0,34.0
2026-05-19,UTI021,75.5,58.4,127410,65.9,29.9
2026-05-19,UTI022,45.7,32.1,161551,95.8,54.0
2026-05-19,UTI023,54.8,27.7,151893,69.1,42.4
2026-05-19,UTI024,49.7,45.9,45155,91.4,31.9
2026-05-19,UTI025,66.9,57.3,182149,95.7,52.1
2026-05-19,UTI026,94.6,26.0,163166,68.0,25.9
2026-05-19,UTI027,45.7,69.1,131064,90.7,32.7
2026-05-19,UTI028,76.4,76.3,129761,91.6,37.8
2026-05-19,UTI029,91.4,42.7,100404,71.7,11.6
2026-05-19,UTI030,57.8,46.8,24678,76.8,39.5
2026-05-19,UTI031,74.7,35.6,118218,70.4,39.8
2026-05-19,UTI032,72.8,67.1,37520,74.0,78.7
2026-05-19,UTI033,54.4,49.9,178425,71.9,38.8
2026-05-19,UTI034,73.4,51.8,122829,94.2,47.7
2026-05-19,UTI035,92.3,21.7,6449,82.7,29.0
2026-05-19,UTI036,42.6,50.2,174247,95.1,37.2
2026-05-20,UTI001,48.8,19.5,68130,91.8,54.7
2026-05-20,UTI002,80.2,49.4,69771,94.3,85.2
2026-05-20,UTI003,59.4,46.4,31534,88.4,43.7
2026-05-20,UTI004,76.3,78.5,155452,78.6,28.0
2026-05-20,UTI005,52.7,74.0,40741,72.9,38.8
2026-05-20,UTI006,68.0,33.5,104391,69.9,25.0
2026-05-20,UTI007,97.0,62.8,24025,74.1,34.3
2026-05-20,UTI008,44.9,78.7,172354,89.2,81.4
2026-05-20,UTI009,58.4,20.3,82952,67.7,87.2
2026-05-20,UTI010,80.8,65.4,49246,77.5,49.1
2026-05-20,UTI011,40.7,30.1,165048,88.1,42.9
2026-05-20,UTI012,61.8,29.7,39430,87.6,20.0
2026-05-20,UTI013,81.1,23.9,103224,81.4,45.9
2026-05-20,UTI014,70.8,52.1,15250,78.7,25.2
2026-05-20,UTI015,77.4,57.4,134276,70.0,27.7
2026-05-20,UTI016,80.4,18.7,36951,88.4,9.8
2026-05-20,UTI017,74.7,56.5,174748,65.9,75.5
2026-05-20,UTI018,55.7,37.6,120393,97.6,40.8
2026-05-20,UTI019,47.5,43.3,179532,81.1,88.8
2026-05-20,UTI020,83.9,81.0,13276,95.5,50.3
2026-05-20,UTI021,83.7,31.0,153852,68.9,86.0
2026-05-20,UTI022,79.1,59.3,15431,75.6,71.4
2026-05-20,UTI023,86.9,39.5,172081,76.0,78.1
2026-05-20,UTI024,60.6,68.4,35957,90.2,45.4
2026-05-20,UTI025,62.6,40.4,73603,67.6,40.1
2026-05-20,UTI026,55.3,25.7,154443,69.9,45.6
2026-05-20,UTI027,51.6,73.1,85489,98.8,87.3
2026-05-20,UTI028,53.1,77.9,64033,94.8,50.8
2026-05-20,UTI029,61.5,73.2,10180,65.6,53.6
2026-05-20,UTI030,52.7,19.7,15575,85.8,47.5
2026-05-20,UTI031,83.3,25.0,68894,63.4,63.2
2026-05-20,UTI032,72.8,70.4,6945,85.0,62.9
2026-05-20,UTI033,66.4,40.9,180560,75.3,13.3
2026-05-20,UTI034,43.6,62.6,64682,97.6,68.6
2026-05-20,UTI035,73.8,50.3,163359,94.0,90.4
2026-05-20,UTI036,83.7,35.2,115688,91.6,19.7
